jogador_slug,temporada,ritmo,forca,folego,salto,agilidade,passe,drible,cruzamento,frieza,finalizacao,cabeceio,falta,penalti,desarme,marcacao,gol_reflexo,gol_posicionamento,gol_manejo,potencial_base,potencial_variacao,fonte_atributo,coletado_em
caio-cavalcanti-tavares,2025,63,90,71,85,83,75,73,69,76,67,71,68,71,56,70,94,93,94,91,7,IMPORTADO,2025-01-15T10:00:00Z
caio-cavalcanti-tavares,2026,61,88,69,83,81,73,71,67,74,65,69,66,69,54,68,92,91,92,91,7,IMPORTADO,2026-01-15T10:00:00Z
igor-medeiros-dantas,2025,61,72,69,74,75,76,53,66,80,45,59,74,78,51,54,94,94,93,94,3,IMPORTADO,2025-01-15T10:00:00Z
igor-medeiros-dantas,2026,63,74,71,76,77,78,55,68,82,47,61,76,80,53,56,94,94,94,94,3,IMPORTADO,2026-01-15T10:00:00Z
caio-fonseca-farias,2025,70,91,70,90,86,82,63,68,88,56,66,73,82,61,66,94,94,94,94,3,IMPORTADO,2025-01-15T10:00:00Z
caio-fonseca-farias,2026,72,93,72,92,88,84,65,70,90,58,68,75,84,63,68,94,94,94,94,3,IMPORTADO,2026-01-15T10:00:00Z
kleber-albuquerque-furtado,2025,76,80,85,91,78,83,60,62,79,61,92,73,76,88,83,40,46,37,75,6,IMPORTADO,2025-01-15T10:00:00Z
kleber-albuquerque-furtado,2026,74,78,83,89,76,81,58,60,77,59,90,71,74,86,81,38,44,35,75,6,IMPORTADO,2026-01-15T10:00:00Z
mateus-meireles-queiroz,2025,74,94,84,78,71,79,64,58,78,63,83,72,68,92,80,41,48,51,88,3,IMPORTADO,2025-01-15T10:00:00Z
mateus-meireles-queiroz,2026,76,94,86,80,73,81,66,60,80,65,85,74,70,94,82,43,50,53,88,3,IMPORTADO,2026-01-15T10:00:00Z
marcelo-furtado-farias,2025,82,87,82,91,79,89,72,66,83,63,94,79,72,89,86,56,44,57,80,8,IMPORTADO,2025-01-15T10:00:00Z
marcelo-furtado-farias,2026,82,87,82,91,79,89,72,66,83,63,94,79,72,89,86,56,44,57,80,8,IMPORTADO,2026-01-15T10:00:00Z
wallace-magalhaes-moraes,2025,82,88,82,88,80,81,67,73,92,62,94,81,75,94,94,41,56,47,85,2,IMPORTADO,2025-01-15T10:00:00Z
wallace-magalhaes-moraes,2026,82,88,82,88,80,81,67,73,92,62,94,81,75,94,94,41,56,47,85,2,IMPORTADO,2026-01-15T10:00:00Z
nathan-andrade-pontes,2025,91,77,80,70,90,84,86,93,76,60,68,70,64,73,80,36,48,46,89,6,IMPORTADO,2025-01-15T10:00:00Z
nathan-andrade-pontes,2026,93,79,82,72,92,86,88,94,78,62,70,72,66,75,82,38,50,48,89,6,IMPORTADO,2026-01-15T10:00:00Z
patrick-andrade-furtado,2025,90,76,89,79,93,85,90,94,80,70,76,78,73,81,90,57,47,57,92,2,IMPORTADO,2025-01-15T10:00:00Z
patrick-andrade-furtado,2026,92,78,91,81,94,87,92,94,82,72,78,80,75,83,92,59,49,59,92,2,IMPORTADO,2026-01-15T10:00:00Z
thiago-rezende-farias,2025,94,84,86,78,93,82,92,94,77,67,75,89,72,90,80,50,49,45,84,7,IMPORTADO,2025-01-15T10:00:00Z
thiago-rezende-farias,2026,94,84,86,78,93,82,92,94,77,67,75,89,72,90,80,50,49,45,84,7,IMPORTADO,2026-01-15T10:00:00Z
gabriel-meireles-macedo,2025,94,80,90,89,89,91,84,94,83,81,83,80,83,89,92,53,46,48,89,3,IMPORTADO,2025-01-15T10:00:00Z
gabriel-meireles-macedo,2026,94,80,90,89,89,91,84,94,83,81,83,80,83,89,92,53,46,48,89,3,IMPORTADO,2026-01-15T10:00:00Z
nathan-moraes-farias,2025,75,89,90,86,83,94,86,79,79,76,80,79,79,90,94,45,41,43,87,5,IMPORTADO,2025-01-15T10:00:00Z
nathan-moraes-farias,2026,75,89,90,86,83,94,86,79,79,76,80,79,79,90,94,45,41,43,87,5,IMPORTADO,2026-01-15T10:00:00Z
lucas-macedo-guimaraes,2025,74,76,93,80,75,91,84,84,80,67,79,86,71,80,80,38,45,40,78,6,IMPORTADO,2025-01-15T10:00:00Z
lucas-macedo-guimaraes,2026,72,74,91,78,73,89,82,82,78,65,77,84,69,78,78,36,43,38,78,6,IMPORTADO,2026-01-15T10:00:00Z
gustavo-moraes-lacerda,2025,76,90,92,77,91,85,72,72,82,75,81,76,87,94,92,47,56,49,86,8,IMPORTADO,2025-01-15T10:00:00Z
gustavo-moraes-lacerda,2026,76,90,92,77,91,85,72,72,82,75,81,76,87,94,92,47,56,49,86,8,IMPORTADO,2026-01-15T10:00:00Z
caio-furtado-freitas,2025,77,81,86,79,80,92,87,85,94,80,84,84,80,83,82,55,46,49,88,4,IMPORTADO,2025-01-15T10:00:00Z
caio-furtado-freitas,2026,77,81,86,79,80,92,87,85,94,80,84,84,80,83,82,55,46,49,88,4,IMPORTADO,2026-01-15T10:00:00Z
henrique-peixoto-azevedo,2025,71,71,89,83,91,94,82,87,92,82,74,90,81,82,80,42,37,48,81,3,IMPORTADO,2025-01-15T10:00:00Z
henrique-peixoto-azevedo,2026,69,69,87,81,89,92,80,85,90,80,72,88,79,80,78,40,35,46,81,3,IMPORTADO,2026-01-15T10:00:00Z
samuel-braga-azevedo,2025,75,75,77,80,82,91,81,75,84,78,68,86,81,73,64,35,37,40,92,3,IMPORTADO,2025-01-15T10:00:00Z
samuel-braga-azevedo,2026,77,77,79,82,84,93,83,77,86,80,70,88,83,75,66,37,39,42,92,3,IMPORTADO,2026-01-15T10:00:00Z
henrique-azevedo-cavalcanti,2025,84,78,84,82,92,90,90,91,94,83,82,92,80,71,80,55,56,55,86,2,IMPORTADO,2025-01-15T10:00:00Z
henrique-azevedo-cavalcanti,2026,84,78,84,82,92,90,90,91,94,83,82,92,80,71,80,55,56,55,86,2,IMPORTADO,2026-01-15T10:00:00Z
danilo-moraes-siqueira,2025,86,77,85,82,91,86,94,85,83,85,86,78,81,65,66,46,51,45,80,2,IMPORTADO,2025-01-15T10:00:00Z
danilo-moraes-siqueira,2026,84,75,83,80,89,84,92,83,81,83,84,76,79,63,64,44,49,43,80,2,IMPORTADO,2026-01-15T10:00:00Z
vinicius-correia-rabelo,2025,84,69,80,74,84,79,94,82,83,83,73,70,70,68,62,45,37,43,91,3,IMPORTADO,2025-01-15T10:00:00Z
vinicius-correia-rabelo,2026,86,71,82,76,86,81,94,84,85,85,75,72,72,70,64,47,39,45,91,3,IMPORTADO,2026-01-15T10:00:00Z
anderson-siqueira-braga,2025,85,87,78,88,93,86,90,73,86,94,94,84,87,69,63,47,53,47,81,2,IMPORTADO,2025-01-15T10:00:00Z
anderson-siqueira-braga,2026,83,85,76,86,91,84,88,71,84,92,92,82,85,67,61,45,51,45,81,2,IMPORTADO,2026-01-15T10:00:00Z
marcelo-nogueira-medeiros,2025,85,94,82,94,83,77,92,81,83,94,89,87,93,60,75,52,51,55,86,4,IMPORTADO,2025-01-15T10:00:00Z
marcelo-nogueira-medeiros,2026,85,94,82,94,83,77,92,81,83,94,89,87,93,60,75,52,51,55,86,4,IMPORTADO,2026-01-15T10:00:00Z
italo-rabelo-aragao,2025,63,82,65,73,82,67,54,56,73,56,69,68,74,60,65,94,94,94,92,8,IMPORTADO,2025-01-15T10:00:00Z
italo-rabelo-aragao,2026,61,80,63,71,80,65,52,54,71,54,67,66,72,58,63,92,92,92,92,8,IMPORTADO,2026-01-15T10:00:00Z
felipe-rabelo-esteves,2025,74,88,75,83,91,65,61,69,90,64,59,72,79,59,62,90,89,90,94,3,IMPORTADO,2025-01-15T10:00:00Z
felipe-rabelo-esteves,2026,74,88,75,83,91,65,61,69,90,64,59,72,79,59,62,90,89,90,94,3,IMPORTADO,2026-01-15T10:00:00Z
otavio-magalhaes-medeiros,2025,70,77,72,71,83,67,63,61,73,50,63,64,62,59,58,90,94,83,94,8,IMPORTADO,2025-01-15T10:00:00Z
otavio-magalhaes-medeiros,2026,72,79,74,73,85,69,65,63,75,52,65,66,64,61,60,92,94,85,94,8,IMPORTADO,2026-01-15T10:00:00Z
leandro-rabelo-siqueira,2025,82,92,78,92,76,77,67,76,77,62,92,67,76,90,94,41,50,47,77,6,IMPORTADO,2025-01-15T10:00:00Z
leandro-rabelo-siqueira,2026,80,90,76,90,74,75,65,74,75,60,90,65,74,88,92,39,48,45,77,6,IMPORTADO,2026-01-15T10:00:00Z
douglas-pontes-pacheco,2025,77,94,77,94,85,80,64,65,89,64,94,68,71,94,94,54,56,46,78,8,IMPORTADO,2025-01-15T10:00:00Z
douglas-pontes-pacheco,2026,75,92,75,92,83,78,62,63,87,62,92,66,69,92,92,52,54,44,78,8,IMPORTADO,2026-01-15T10:00:00Z
alisson-guimaraes-nogueira,2025,78,90,80,82,83,83,63,70,75,62,94,68,72,90,86,43,49,54,76,8,IMPORTADO,2025-01-15T10:00:00Z
alisson-guimaraes-nogueira,2026,76,88,78,80,81,81,61,68,73,60,92,66,70,88,84,41,47,52,76,8,IMPORTADO,2026-01-15T10:00:00Z
mateus-lacerda-freitas,2025,76,88,87,81,71,76,65,65,77,57,93,81,71,94,94,52,48,54,78,6,IMPORTADO,2025-01-15T10:00:00Z
mateus-lacerda-freitas,2026,76,88,87,81,71,76,65,65,77,57,93,81,71,94,94,52,48,54,78,6,IMPORTADO,2026-01-15T10:00:00Z
eduardo-aragao-moraes,2025,88,83,91,79,80,78,87,93,71,64,76,76,68,85,75,39,47,46,77,6,IMPORTADO,2025-01-15T10:00:00Z
eduardo-aragao-moraes,2026,86,81,89,77,78,76,85,91,69,62,74,74,66,83,73,37,45,44,77,6,IMPORTADO,2026-01-15T10:00:00Z
danilo-rezende-farias,2025,92,74,92,84,85,92,84,85,86,74,78,77,85,84,93,40,48,42,82,2,IMPORTADO,2025-01-15T10:00:00Z
danilo-rezende-farias,2026,90,72,90,82,83,90,82,83,84,72,76,75,83,82,91,38,46,40,82,2,IMPORTADO,2026-01-15T10:00:00Z
alisson-rezende-fonseca,2025,88,79,90,89,83,88,86,87,84,75,70,86,78,89,78,52,43,40,84,8,IMPORTADO,2025-01-15T10:00:00Z
alisson-rezende-fonseca,2026,88,79,90,89,83,88,86,87,84,75,70,86,78,89,78,52,43,40,84,8,IMPORTADO,2026-01-15T10:00:00Z
renan-macedo-pontes,2025,93,84,93,83,86,87,83,90,89,67,84,85,72,93,86,56,55,54,85,4,IMPORTADO,2025-01-15T10:00:00Z
renan-macedo-pontes,2026,93,84,93,83,86,87,83,90,89,67,84,85,72,93,86,56,55,54,85,4,IMPORTADO,2026-01-15T10:00:00Z
italo-cavalcanti-fonseca,2025,74,85,92,80,79,87,78,78,92,75,79,80,87,93,94,48,41,56,92,5,IMPORTADO,2025-01-15T10:00:00Z
italo-cavalcanti-fonseca,2026,76,87,94,82,81,89,80,80,94,77,81,82,89,94,94,50,43,58,92,5,IMPORTADO,2026-01-15T10:00:00Z
henrique-pontes-valadares,2025,79,79,87,80,79,80,74,87,92,67,88,81,71,83,83,55,43,55,83,5,IMPORTADO,2025-01-15T10:00:00Z
henrique-pontes-valadares,2026,79,79,87,80,79,80,74,87,92,67,88,81,71,83,83,55,43,55,83,5,IMPORTADO,2026-01-15T10:00:00Z
kleber-siqueira-cunha,2025,87,92,84,78,84,84,76,84,85,81,85,82,79,88,83,40,46,55,93,5,IMPORTADO,2025-01-15T10:00:00Z
kleber-siqueira-cunha,2026,89,94,86,80,86,86,78,86,87,83,87,84,81,90,85,42,48,57,93,5,IMPORTADO,2026-01-15T10:00:00Z
thiago-azevedo-valadares,2025,76,82,84,81,83,94,86,89,78,69,62,86,73,75,80,49,44,48,92,8,IMPORTADO,2025-01-15T10:00:00Z
thiago-azevedo-valadares,2026,78,84,86,83,85,94,88,91,80,71,64,88,75,77,82,51,46,50,92,8,IMPORTADO,2026-01-15T10:00:00Z
rafael-azevedo-queiroz,2025,75,80,94,83,92,85,90,87,82,75,72,85,85,83,82,49,44,53,93,7,IMPORTADO,2025-01-15T10:00:00Z
rafael-azevedo-queiroz,2026,77,82,94,85,94,87,92,89,84,77,74,87,87,85,84,51,46,55,93,7,IMPORTADO,2026-01-15T10:00:00Z
ricardo-lacerda-rezende,2025,86,73,79,77,93,85,93,94,90,80,71,89,81,63,77,40,47,44,92,5,IMPORTADO,2025-01-15T10:00:00Z
ricardo-lacerda-rezende,2026,88,75,81,79,94,87,94,94,92,82,73,91,83,65,79,42,49,46,92,5,IMPORTADO,2026-01-15T10:00:00Z
wesley-andrade-leite,2025,87,67,76,79,83,80,79,89,87,76,76,76,75,69,58,43,46,50,90,6,IMPORTADO,2025-01-15T10:00:00Z
wesley-andrade-leite,2026,89,69,78,81,85,82,81,91,89,78,78,78,77,71,60,45,48,52,90,6,IMPORTADO,2026-01-15T10:00:00Z
gabriel-rabelo-andrade,2025,90,73,93,87,92,93,92,86,82,77,71,79,89,67,67,54,48,55,85,2,IMPORTADO,2025-01-15T10:00:00Z
gabriel-rabelo-andrade,2026,90,73,93,87,92,93,92,86,82,77,71,79,89,67,67,54,48,55,85,2,IMPORTADO,2026-01-15T10:00:00Z
otavio-vasconcelos-albuquerque,2025,86,78,85,77,94,88,94,84,88,84,84,78,91,73,69,53,41,41,92,4,IMPORTADO,2025-01-15T10:00:00Z
otavio-vasconcelos-albuquerque,2026,88,80,87,79,94,90,94,86,90,86,86,80,93,75,71,55,43,43,92,4,IMPORTADO,2026-01-15T10:00:00Z
marcelo-queiroz-braga,2025,82,82,77,90,80,86,78,77,94,94,84,82,94,73,73,51,55,49,83,4,IMPORTADO,2025-01-15T10:00:00Z
marcelo-queiroz-braga,2026,82,82,77,90,80,86,78,77,94,94,84,82,94,73,73,51,55,49,83,4,IMPORTADO,2026-01-15T10:00:00Z
ricardo-peixoto-leite,2025,81,77,71,85,79,80,89,66,85,94,85,73,86,60,65,51,36,40,76,5,IMPORTADO,2025-01-15T10:00:00Z
ricardo-peixoto-leite,2026,79,75,69,83,77,78,87,64,83,92,83,71,84,58,63,49,34,38,76,5,IMPORTADO,2026-01-15T10:00:00Z
anderson-moraes-dantas,2025,66,87,70,88,89,76,71,59,87,49,64,68,75,59,66,89,94,94,94,5,IMPORTADO,2025-01-15T10:00:00Z
anderson-moraes-dantas,2026,66,87,70,88,89,76,71,59,87,49,64,68,75,59,66,89,94,94,94,5,IMPORTADO,2026-01-15T10:00:00Z
renan-furtado-cardoso,2025,56,82,65,78,89,62,68,52,71,51,60,64,64,52,60,94,89,87,88,3,IMPORTADO,2025-01-15T10:00:00Z
renan-furtado-cardoso,2026,54,80,63,76,87,60,66,50,69,49,58,62,62,50,58,92,87,85,88,3,IMPORTADO,2026-01-15T10:00:00Z
leandro-pacheco-meireles,2025,63,86,76,78,79,66,64,51,79,57,66,64,70,53,63,94,86,90,88,4,IMPORTADO,2025-01-15T10:00:00Z
leandro-pacheco-meireles,2026,61,84,74,76,77,64,62,49,77,55,64,62,68,51,61,92,84,88,88,4,IMPORTADO,2026-01-15T10:00:00Z
diego-nogueira-moraes,2025,78,87,74,82,81,83,69,62,80,71,94,75,82,92,91,45,51,42,78,8,IMPORTADO,2025-01-15T10:00:00Z
diego-nogueira-moraes,2026,76,85,72,80,79,81,67,60,78,69,92,73,80,90,89,43,49,40,78,8,IMPORTADO,2026-01-15T10:00:00Z
rodrigo-peixoto-bezerra,2025,79,91,77,80,67,80,67,69,86,56,84,66,62,94,90,47,40,37,74,2,IMPORTADO,2025-01-15T10:00:00Z
rodrigo-peixoto-bezerra,2026,77,89,75,78,65,78,65,67,84,54,82,64,60,92,88,45,38,35,74,2,IMPORTADO,2026-01-15T10:00:00Z
bruno-azevedo-duarte,2025,75,87,77,92,79,77,58,68,78,60,82,70,66,82,86,36,39,38,73,4,IMPORTADO,2025-01-15T10:00:00Z
bruno-azevedo-duarte,2026,73,85,75,90,77,75,56,66,76,58,80,68,64,80,84,34,37,36,73,4,IMPORTADO,2026-01-15T10:00:00Z
danilo-farias-ramalho,2025,73,91,79,88,80,83,68,63,85,60,94,67,67,91,89,48,52,47,80,3,IMPORTADO,2025-01-15T10:00:00Z
danilo-farias-ramalho,2026,73,91,79,88,80,83,68,63,85,60,94,67,67,91,89,48,52,47,80,3,IMPORTADO,2026-01-15T10:00:00Z
rodrigo-dantas-fonseca,2025,82,76,94,72,89,76,80,82,70,71,65,75,70,78,83,49,42,41,75,7,IMPORTADO,2025-01-15T10:00:00Z
rodrigo-dantas-fonseca,2026,80,74,92,70,87,74,78,80,68,69,63,73,68,76,81,47,40,39,75,7,IMPORTADO,2026-01-15T10:00:00Z
kleber-andrade-azevedo,2025,86,77,88,90,82,85,78,87,81,74,77,81,83,81,87,44,41,53,93,7,IMPORTADO,2025-01-15T10:00:00Z
kleber-andrade-azevedo,2026,88,79,90,92,84,87,80,89,83,76,79,83,85,83,89,46,43,55,93,7,IMPORTADO,2026-01-15T10:00:00Z
ricardo-meireles-queiroz,2025,88,74,86,84,75,79,81,85,69,65,68,69,69,78,77,44,44,46,88,6,IMPORTADO,2025-01-15T10:00:00Z
ricardo-meireles-queiroz,2026,90,76,88,86,77,81,83,87,71,67,70,71,71,80,79,46,46,48,88,6,IMPORTADO,2026-01-15T10:00:00Z
rafael-queiroz-ramalho,2025,81,82,90,75,84,88,86,81,68,72,66,80,74,77,72,47,51,48,76,4,IMPORTADO,2025-01-15T10:00:00Z
rafael-queiroz-ramalho,2026,79,80,88,73,82,86,84,79,66,70,64,78,72,75,70,45,49,46,76,4,IMPORTADO,2026-01-15T10:00:00Z
rafael-medeiros-farias,2025,74,79,87,78,80,89,81,83,84,67,74,89,86,94,92,46,55,55,82,5,IMPORTADO,2025-01-15T10:00:00Z
rafael-medeiros-farias,2026,74,79,87,78,80,89,81,83,84,67,74,89,86,94,92,46,55,55,82,5,IMPORTADO,2026-01-15T10:00:00Z
wallace-pontes-ramalho,2025,77,83,82,82,82,80,74,68,76,71,68,75,80,89,89,39,48,33,92,7,IMPORTADO,2025-01-15T10:00:00Z
wallace-pontes-ramalho,2026,79,85,84,84,84,82,76,70,78,73,70,77,82,91,91,41,50,35,92,7,IMPORTADO,2026-01-15T10:00:00Z
patrick-bezerra-moraes,2025,85,78,94,84,90,93,83,82,83,67,85,81,81,94,94,43,48,54,93,7,IMPORTADO,2025-01-15T10:00:00Z
patrick-bezerra-moraes,2026,87,80,94,86,92,94,85,84,85,69,87,83,83,94,94,45,50,56,93,7,IMPORTADO,2026-01-15T10:00:00Z
gabriel-lacerda-macedo,2025,81,85,80,80,91,87,88,91,87,77,76,91,79,79,82,50,48,43,87,8,IMPORTADO,2025-01-15T10:00:00Z
gabriel-lacerda-macedo,2026,81,85,80,80,91,87,88,91,87,77,76,91,79,79,82,50,48,43,87,8,IMPORTADO,2026-01-15T10:00:00Z
samuel-nogueira-peixoto,2025,73,76,78,64,80,89,74,82,75,70,67,81,86,68,68,38,36,41,88,3,IMPORTADO,2025-01-15T10:00:00Z
samuel-nogueira-peixoto,2026,75,78,80,66,82,91,76,84,77,72,69,83,88,70,70,40,38,43,88,3,IMPORTADO,2026-01-15T10:00:00Z
vinicius-pontes-freitas,2025,73,74,79,65,77,89,85,84,92,75,67,85,74,62,68,39,34,35,90,6,IMPORTADO,2025-01-15T10:00:00Z
vinicius-pontes-freitas,2026,75,76,81,67,79,91,87,86,94,77,69,87,76,64,70,41,36,37,90,6,IMPORTADO,2026-01-15T10:00:00Z
samuel-braga-cardoso,2025,76,70,77,78,94,84,94,86,94,85,68,94,85,72,66,54,49,47,92,8,IMPORTADO,2025-01-15T10:00:00Z
samuel-braga-cardoso,2026,78,72,79,80,94,86,94,88,94,87,70,94,87,74,68,56,51,49,92,8,IMPORTADO,2026-01-15T10:00:00Z
yuri-xavier-pontes,2025,81,71,75,72,86,73,82,79,83,74,62,81,70,62,63,46,39,49,89,2,IMPORTADO,2025-01-15T10:00:00Z
yuri-xavier-pontes,2026,83,73,77,74,88,75,84,81,85,76,64,83,72,64,65,48,41,51,89,2,IMPORTADO,2026-01-15T10:00:00Z
renan-cavalcanti-rezende,2025,79,77,72,72,87,75,79,83,80,84,72,68,75,56,56,34,41,45,86,2,IMPORTADO,2025-01-15T10:00:00Z
renan-cavalcanti-rezende,2026,81,79,74,74,89,77,81,85,82,86,74,70,77,58,58,36,43,47,86,2,IMPORTADO,2026-01-15T10:00:00Z
eduardo-fonseca-nogueira,2025,86,86,83,91,84,80,90,81,89,91,91,78,94,65,60,52,39,47,81,8,IMPORTADO,2025-01-15T10:00:00Z
eduardo-fonseca-nogueira,2026,84,84,81,89,82,78,88,79,87,89,89,76,92,63,58,50,37,45,81,8,IMPORTADO,2026-01-15T10:00:00Z
yuri-lacerda-marinho,2025,90,86,86,81,91,85,81,80,93,94,93,78,94,73,62,42,40,50,94,3,IMPORTADO,2025-01-15T10:00:00Z
yuri-lacerda-marinho,2026,92,88,88,83,93,87,83,82,94,94,94,80,94,75,64,44,42,52,94,3,IMPORTADO,2026-01-15T10:00:00Z
gustavo-macedo-rabelo,2025,67,84,72,79,77,64,61,54,79,45,51,63,70,54,53,88,85,94,87,2,IMPORTADO,2025-01-15T10:00:00Z
gustavo-macedo-rabelo,2026,65,82,70,77,75,62,59,52,77,43,49,61,68,52,51,86,83,92,87,2,IMPORTADO,2026-01-15T10:00:00Z
douglas-peixoto-fonseca,2025,68,88,79,84,77,63,61,53,73,64,60,68,76,67,65,94,90,92,94,2,IMPORTADO,2025-01-15T10:00:00Z
douglas-peixoto-fonseca,2026,70,90,81,86,79,65,63,55,75,66,62,70,78,69,67,94,92,94,94,2,IMPORTADO,2026-01-15T10:00:00Z
nathan-pontes-albuquerque,2025,58,81,82,84,85,76,57,57,85,58,61,61,79,68,66,94,94,86,94,8,IMPORTADO,2025-01-15T10:00:00Z
nathan-pontes-albuquerque,2026,60,83,84,86,87,78,59,59,87,60,63,63,81,70,68,94,94,88,94,8,IMPORTADO,2026-01-15T10:00:00Z
lucas-andrade-cavalcanti,2025,69,85,70,77,68,72,61,58,69,52,77,61,66,91,85,32,40,33,85,7,IMPORTADO,2025-01-15T10:00:00Z
lucas-andrade-cavalcanti,2026,71,87,72,79,70,74,63,60,71,54,79,63,68,93,87,34,42,35,85,7,IMPORTADO,2026-01-15T10:00:00Z
renan-moraes-aragao,2025,73,94,82,94,72,85,75,77,80,70,91,74,79,94,91,49,53,41,83,8,IMPORTADO,2025-01-15T10:00:00Z
renan-moraes-aragao,2026,73,94,82,94,72,85,75,77,80,70,91,74,79,94,91,49,53,41,83,8,IMPORTADO,2026-01-15T10:00:00Z
ricardo-marinho-vasconcelos,2025,80,86,87,92,71,80,70,72,82,57,89,74,76,86,86,42,49,48,79,7,IMPORTADO,2025-01-15T10:00:00Z
ricardo-marinho-vasconcelos,2026,80,86,87,92,71,80,70,72,82,57,89,74,76,86,86,42,49,48,79,7,IMPORTADO,2026-01-15T10:00:00Z
murilo-dantas-queiroz,2025,83,82,86,87,72,87,68,68,88,58,92,72,75,94,94,47,47,42,89,5,IMPORTADO,2025-01-15T10:00:00Z
murilo-dantas-queiroz,2026,85,84,88,89,74,89,70,70,90,60,94,74,77,94,94,49,49,44,89,5,IMPORTADO,2026-01-15T10:00:00Z
lucas-peixoto-nogueira,2025,80,80,80,73,78,75,79,83,78,73,70,79,72,70,69,39,44,36,89,3,IMPORTADO,2025-01-15T10:00:00Z
lucas-peixoto-nogueira,2026,82,82,82,75,80,77,81,85,80,75,72,81,74,72,71,41,46,38,89,3,IMPORTADO,2026-01-15T10:00:00Z
mateus-vasconcelos-andrade,2025,93,83,89,88,90,81,84,82,83,69,83,86,70,89,75,44,39,47,83,3,IMPORTADO,2025-01-15T10:00:00Z
mateus-vasconcelos-andrade,2026,93,83,89,88,90,81,84,82,83,69,83,86,70,89,75,44,39,47,83,3,IMPORTADO,2026-01-15T10:00:00Z
vinicius-duarte-esteves,2025,86,79,81,87,87,85,82,90,74,65,81,85,69,83,89,38,41,40,81,8,IMPORTADO,2025-01-15T10:00:00Z
vinicius-duarte-esteves,2026,86,79,81,87,87,85,82,90,74,65,81,85,69,83,89,38,41,40,81,8,IMPORTADO,2026-01-15T10:00:00Z
fabricio-andrade-pacheco,2025,88,87,91,73,78,75,75,85,82,65,74,80,74,90,87,46,50,52,78,6,IMPORTADO,2025-01-15T10:00:00Z
fabricio-andrade-pacheco,2026,86,85,89,71,76,73,73,83,80,63,72,78,72,88,85,44,48,50,78,6,IMPORTADO,2026-01-15T10:00:00Z
mateus-pontes-valadares,2025,68,76,75,78,73,89,74,80,79,70,78,76,66,85,90,46,38,45,75,2,IMPORTADO,2025-01-15T10:00:00Z
mateus-pontes-valadares,2026,66,74,73,76,71,87,72,78,77,68,76,74,64,83,88,44,36,43,75,2,IMPORTADO,2026-01-15T10:00:00Z
mateus-pacheco-meireles,2025,71,78,85,69,71,86,69,72,74,66,70,69,78,90,83,49,36,40,73,4,IMPORTADO,2025-01-15T10:00:00Z
mateus-pacheco-meireles,2026,69,76,83,67,69,84,67,70,72,64,68,67,76,88,81,47,34,38,73,4,IMPORTADO,2026-01-15T10:00:00Z
gabriel-magalhaes-albuquerque,2025,76,88,81,79,88,81,82,85,76,70,76,73,83,86,89,44,46,51,80,4,IMPORTADO,2025-01-15T10:00:00Z
gabriel-magalhaes-albuquerque,2026,76,88,81,79,88,81,82,85,76,70,76,73,83,86,89,44,46,51,80,4,IMPORTADO,2026-01-15T10:00:00Z
wallace-rabelo-xavier,2025,68,73,88,75,74,79,78,87,80,71,72,86,71,76,77,35,36,48,75,3,IMPORTADO,2025-01-15T10:00:00Z
wallace-rabelo-xavier,2026,66,71,86,73,72,77,76,85,78,69,70,84,69,74,75,33,34,46,75,3,IMPORTADO,2026-01-15T10:00:00Z
gustavo-macedo-aragao,2025,76,75,85,66,80,88,84,80,81,69,73,86,78,73,73,34,50,37,75,4,IMPORTADO,2025-01-15T10:00:00Z
gustavo-macedo-aragao,2026,74,73,83,64,78,86,82,78,79,67,71,84,76,71,71,32,48,35,75,4,IMPORTADO,2026-01-15T10:00:00Z
caio-esteves-freitas,2025,85,69,75,66,80,75,87,84,91,75,68,82,81,59,71,47,38,48,88,6,IMPORTADO,2025-01-15T10:00:00Z
caio-esteves-freitas,2026,87,71,77,68,82,77,89,86,93,77,70,84,83,61,73,49,40,50,88,6,IMPORTADO,2026-01-15T10:00:00Z
emerson-furtado-farias,2025,87,76,81,73,84,90,89,81,94,84,68,91,81,61,70,45,49,48,83,3,IMPORTADO,2025-01-15T10:00:00Z
emerson-furtado-farias,2026,87,76,81,73,84,90,89,81,94,84,68,91,81,61,70,45,49,48,83,3,IMPORTADO,2026-01-15T10:00:00Z
leandro-lacerda-tavares,2025,91,83,82,87,92,77,87,91,78,88,78,89,73,60,63,47,50,41,90,7,IMPORTADO,2025-01-15T10:00:00Z
leandro-lacerda-tavares,2026,93,85,84,89,94,79,89,93,80,90,80,91,75,62,65,49,52,43,90,7,IMPORTADO,2026-01-15T10:00:00Z
rafael-correia-lacerda,2025,85,70,83,75,81,89,87,93,87,88,76,88,85,71,60,45,39,48,86,4,IMPORTADO,2025-01-15T10:00:00Z
rafael-correia-lacerda,2026,85,70,83,75,81,89,87,93,87,88,76,88,85,71,60,45,39,48,86,4,IMPORTADO,2026-01-15T10:00:00Z
ricardo-duarte-albuquerque,2025,86,91,76,85,91,83,81,76,89,89,86,86,87,64,69,40,52,51,83,4,IMPORTADO,2025-01-15T10:00:00Z
ricardo-duarte-albuquerque,2026,86,91,76,85,91,83,81,76,89,89,86,86,87,64,69,40,52,51,83,4,IMPORTADO,2026-01-15T10:00:00Z
marcelo-marinho-nogueira,2025,75,85,68,86,82,78,78,64,76,84,84,81,82,57,65,47,48,46,91,7,IMPORTADO,2025-01-15T10:00:00Z
marcelo-marinho-nogueira,2026,77,87,70,88,84,80,80,66,78,86,86,83,84,59,67,49,50,48,91,7,IMPORTADO,2026-01-15T10:00:00Z
alisson-vasconcelos-albuquerque,2025,58,88,80,79,93,79,64,59,87,62,69,67,72,59,69,89,94,91,93,5,IMPORTADO,2025-01-15T10:00:00Z
alisson-vasconcelos-albuquerque,2026,58,88,80,79,93,79,64,59,87,62,69,67,72,59,69,89,94,91,93,5,IMPORTADO,2026-01-15T10:00:00Z
emerson-queiroz-fonseca,2025,66,83,67,79,87,69,58,57,78,55,61,71,67,59,64,86,87,91,86,8,IMPORTADO,2025-01-15T10:00:00Z
emerson-queiroz-fonseca,2026,64,81,65,77,85,67,56,55,76,53,59,69,65,57,62,84,85,89,86,8,IMPORTADO,2026-01-15T10:00:00Z
igor-macedo-xavier,2025,71,82,71,83,79,63,66,61,73,58,70,77,80,64,59,94,94,94,94,2,IMPORTADO,2025-01-15T10:00:00Z
igor-macedo-xavier,2026,71,82,71,83,79,63,66,61,73,58,70,77,80,64,59,94,94,94,94,2,IMPORTADO,2026-01-15T10:00:00Z
rodrigo-furtado-cunha,2025,77,87,74,86,75,79,60,62,82,67,94,70,79,94,87,52,39,50,78,2,IMPORTADO,2025-01-15T10:00:00Z
rodrigo-furtado-cunha,2026,77,87,74,86,75,79,60,62,82,67,94,70,79,94,87,52,39,50,78,2,IMPORTADO,2026-01-15T10:00:00Z
italo-albuquerque-ramalho,2025,74,83,77,90,70,79,64,72,69,64,86,69,63,85,80,46,50,44,73,8,IMPORTADO,2025-01-15T10:00:00Z
italo-albuquerque-ramalho,2026,72,81,75,88,68,77,62,70,67,62,84,67,61,83,78,44,48,42,73,8,IMPORTADO,2026-01-15T10:00:00Z
anderson-lacerda-braga,2025,76,85,74,83,74,78,66,75,88,63,92,77,78,94,88,45,41,54,77,4,IMPORTADO,2025-01-15T10:00:00Z
anderson-lacerda-braga,2026,74,83,72,81,72,76,64,73,86,61,90,75,76,92,86,43,39,52,77,4,IMPORTADO,2026-01-15T10:00:00Z
danilo-medeiros-peixoto,2025,74,87,70,79,71,78,60,65,76,51,93,70,62,88,93,46,40,32,86,7,IMPORTADO,2025-01-15T10:00:00Z
danilo-medeiros-peixoto,2026,76,89,72,81,73,80,62,67,78,53,94,72,64,90,94,48,42,34,86,7,IMPORTADO,2026-01-15T10:00:00Z
bruno-valadares-siqueira,2025,86,72,88,74,91,79,89,90,80,71,68,85,69,89,90,40,46,49,86,8,IMPORTADO,2025-01-15T10:00:00Z
bruno-valadares-siqueira,2026,86,72,88,74,91,79,89,90,80,71,68,85,69,89,90,40,46,49,86,8,IMPORTADO,2026-01-15T10:00:00Z
mateus-cunha-siqueira,2025,82,80,88,76,77,91,91,93,79,64,74,75,81,90,75,41,38,49,79,3,IMPORTADO,2025-01-15T10:00:00Z
mateus-cunha-siqueira,2026,80,78,86,74,75,89,89,91,77,62,72,73,79,88,73,39,36,47,79,3,IMPORTADO,2026-01-15T10:00:00Z
thiago-sampaio-bezerra,2025,89,81,82,73,92,81,79,94,86,75,80,83,69,87,80,51,41,44,89,8,IMPORTADO,2025-01-15T10:00:00Z
thiago-sampaio-bezerra,2026,91,83,84,75,94,83,81,94,88,77,82,85,71,89,82,53,43,46,89,8,IMPORTADO,2026-01-15T10:00:00Z
wesley-vasconcelos-azevedo,2025,83,80,94,78,79,85,89,91,84,78,76,71,69,77,85,54,39,46,81,8,IMPORTADO,2025-01-15T10:00:00Z
wesley-vasconcelos-azevedo,2026,83,80,94,78,79,85,89,91,84,78,76,71,69,77,85,54,39,46,81,8,IMPORTADO,2026-01-15T10:00:00Z
nathan-xavier-furtado,2025,84,77,79,80,84,86,73,69,91,79,82,73,73,86,87,45,38,42,88,8,IMPORTADO,2025-01-15T10:00:00Z
nathan-xavier-furtado,2026,86,79,81,82,86,88,75,71,93,81,84,75,75,88,89,47,40,44,88,8,IMPORTADO,2026-01-15T10:00:00Z
renan-braga-rezende,2025,82,86,80,78,76,78,70,73,85,63,75,86,71,94,85,41,47,45,79,6,IMPORTADO,2025-01-15T10:00:00Z
renan-braga-rezende,2026,82,86,80,78,76,78,70,73,85,63,75,86,71,94,85,41,47,45,79,6,IMPORTADO,2026-01-15T10:00:00Z
nathan-xavier-nogueira,2025,75,77,87,76,81,87,82,73,88,65,81,86,73,82,86,53,46,45,79,8,IMPORTADO,2025-01-15T10:00:00Z
nathan-xavier-nogueira,2026,75,77,87,76,81,87,82,73,88,65,81,86,73,82,86,53,46,45,79,8,IMPORTADO,2026-01-15T10:00:00Z
emerson-bezerra-vasconcelos,2025,77,82,92,78,84,94,82,80,84,79,71,89,89,75,74,50,43,49,82,3,IMPORTADO,2025-01-15T10:00:00Z
emerson-bezerra-vasconcelos,2026,77,82,92,78,84,94,82,80,84,79,71,89,89,75,74,50,43,49,82,3,IMPORTADO,2026-01-15T10:00:00Z
thiago-leite-correia,2025,82,71,85,76,85,91,75,85,83,76,62,85,72,67,76,37,46,50,76,4,IMPORTADO,2025-01-15T10:00:00Z
thiago-leite-correia,2026,80,69,83,74,83,89,73,83,81,74,60,83,70,65,74,35,44,48,76,4,IMPORTADO,2026-01-15T10:00:00Z
kleber-lacerda-leite,2025,77,67,71,77,85,89,79,82,88,78,65,77,83,69,70,33,45,38,89,6,IMPORTADO,2025-01-15T10:00:00Z
kleber-lacerda-leite,2026,79,69,73,79,87,91,81,84,90,80,67,79,85,71,72,35,47,40,89,6,IMPORTADO,2026-01-15T10:00:00Z
henrique-leite-medeiros,2025,77,68,84,74,76,87,79,79,87,85,71,82,83,65,66,32,42,32,89,4,IMPORTADO,2025-01-15T10:00:00Z
henrique-leite-medeiros,2026,79,70,86,76,78,89,81,81,89,87,73,84,85,67,68,34,44,34,89,4,IMPORTADO,2026-01-15T10:00:00Z
marcelo-duarte-aragao,2025,77,63,83,71,89,79,83,78,84,84,68,72,74,69,58,39,48,43,89,2,IMPORTADO,2025-01-15T10:00:00Z
marcelo-duarte-aragao,2026,79,65,85,73,91,81,85,80,86,86,70,74,76,71,60,41,50,45,89,2,IMPORTADO,2026-01-15T10:00:00Z
bruno-fonseca-marinho,2025,80,74,81,74,85,73,90,91,70,80,66,73,78,58,67,32,39,44,89,3,IMPORTADO,2025-01-15T10:00:00Z
bruno-fonseca-marinho,2026,82,76,83,76,87,75,92,93,72,82,68,75,80,60,69,34,41,46,89,3,IMPORTADO,2026-01-15T10:00:00Z
emerson-cardoso-aragao,2025,91,80,83,91,83,81,91,65,83,92,82,87,90,73,70,46,44,41,83,8,IMPORTADO,2025-01-15T10:00:00Z
emerson-cardoso-aragao,2026,91,80,83,91,83,81,91,65,83,92,82,87,90,73,70,46,44,41,83,8,IMPORTADO,2026-01-15T10:00:00Z
nathan-freitas-lacerda,2025,77,75,70,73,87,78,79,74,85,84,77,83,91,68,55,41,38,43,75,2,IMPORTADO,2025-01-15T10:00:00Z
nathan-freitas-lacerda,2026,75,73,68,71,85,76,77,72,83,82,75,81,89,66,53,39,36,41,75,2,IMPORTADO,2026-01-15T10:00:00Z
eduardo-marinho-duarte,2025,54,78,68,70,77,59,62,62,81,51,56,64,74,62,55,85,91,81,94,4,IMPORTADO,2025-01-15T10:00:00Z
eduardo-marinho-duarte,2026,56,80,70,72,79,61,64,64,83,53,58,66,76,64,57,87,93,83,94,4,IMPORTADO,2026-01-15T10:00:00Z
kleber-azevedo-sampaio,2025,65,78,70,77,84,68,65,60,83,55,60,74,69,52,68,93,94,93,93,3,IMPORTADO,2025-01-15T10:00:00Z
kleber-azevedo-sampaio,2026,65,78,70,77,84,68,65,60,83,55,60,74,69,52,68,93,94,93,93,3,IMPORTADO,2026-01-15T10:00:00Z
adriano-tavares-siqueira,2025,58,77,67,82,86,61,62,57,82,52,58,72,74,52,64,94,86,86,86,7,IMPORTADO,2025-01-15T10:00:00Z
adriano-tavares-siqueira,2026,56,75,65,80,84,59,60,55,80,50,56,70,72,50,62,92,84,84,86,7,IMPORTADO,2026-01-15T10:00:00Z
bruno-meireles-xavier,2025,77,94,77,86,80,83,64,64,74,63,92,77,79,94,94,42,40,41,88,6,IMPORTADO,2025-01-15T10:00:00Z
bruno-meireles-xavier,2026,79,94,79,88,82,85,66,66,76,65,94,79,81,94,94,44,42,43,88,6,IMPORTADO,2026-01-15T10:00:00Z
fabricio-esteves-dantas,2025,77,91,75,87,79,86,59,72,75,64,91,72,66,90,83,44,40,39,87,6,IMPORTADO,2025-01-15T10:00:00Z
fabricio-esteves-dantas,2026,79,93,77,89,81,88,61,74,77,66,93,74,68,92,85,46,42,41,87,6,IMPORTADO,2026-01-15T10:00:00Z
thiago-xavier-macedo,2025,73,84,74,83,83,82,71,69,87,63,88,70,67,94,85,41,40,42,87,3,IMPORTADO,2025-01-15T10:00:00Z
thiago-xavier-macedo,2026,75,86,76,85,85,84,73,71,89,65,90,72,69,94,87,43,42,44,87,3,IMPORTADO,2026-01-15T10:00:00Z
gustavo-guimaraes-siqueira,2025,75,76,81,88,80,70,63,57,71,52,87,60,61,91,88,44,39,43,71,6,IMPORTADO,2025-01-15T10:00:00Z
gustavo-guimaraes-siqueira,2026,73,74,79,86,78,68,61,55,69,50,85,58,59,89,86,42,37,41,71,6,IMPORTADO,2026-01-15T10:00:00Z
italo-aragao-pontes,2025,91,77,92,83,83,79,82,84,80,67,73,82,81,87,86,41,47,45,79,4,IMPORTADO,2025-01-15T10:00:00Z
italo-aragao-pontes,2026,89,75,90,81,81,77,80,82,78,65,71,80,79,85,84,39,45,43,79,4,IMPORTADO,2026-01-15T10:00:00Z
gabriel-braga-lacerda,2025,78,68,81,69,85,79,79,77,78,60,69,66,73,76,81,43,41,46,88,5,IMPORTADO,2025-01-15T10:00:00Z
gabriel-braga-lacerda,2026,80,70,83,71,87,81,81,79,80,62,71,68,75,78,83,45,43,48,88,5,IMPORTADO,2026-01-15T10:00:00Z
bruno-farias-cardoso,2025,77,75,76,70,74,70,72,76,80,68,67,72,74,74,79,35,42,49,71,8,IMPORTADO,2025-01-15T10:00:00Z
bruno-farias-cardoso,2026,75,73,74,68,72,68,70,74,78,66,65,70,72,72,77,33,40,47,71,8,IMPORTADO,2026-01-15T10:00:00Z
bruno-magalhaes-albuquerque,2025,80,85,82,79,86,90,76,80,86,62,70,81,69,76,85,45,53,39,84,3,IMPORTADO,2025-01-15T10:00:00Z
bruno-magalhaes-albuquerque,2026,80,85,82,79,86,90,76,80,86,62,70,81,69,76,85,45,53,39,84,3,IMPORTADO,2026-01-15T10:00:00Z
henrique-marinho-andrade,2025,82,86,81,88,87,90,84,77,87,74,86,75,79,93,87,43,41,53,81,7,IMPORTADO,2025-01-15T10:00:00Z
henrique-marinho-andrade,2026,80,84,79,86,85,88,82,75,85,72,84,73,77,91,85,41,39,51,81,7,IMPORTADO,2026-01-15T10:00:00Z
emerson-vasconcelos-ramalho,2025,74,77,85,84,84,83,82,71,79,62,81,88,81,81,90,50,49,38,88,8,IMPORTADO,2025-01-15T10:00:00Z
emerson-vasconcelos-ramalho,2026,76,79,87,86,86,85,84,73,81,64,83,90,83,83,92,52,51,40,88,8,IMPORTADO,2026-01-15T10:00:00Z
adriano-tavares-azevedo,2025,71,82,80,76,78,87,78,75,75,67,76,74,79,81,81,49,39,40,82,3,IMPORTADO,2025-01-15T10:00:00Z
adriano-tavares-azevedo,2026,71,82,80,76,78,87,78,75,75,67,76,74,79,81,81,49,39,40,82,3,IMPORTADO,2026-01-15T10:00:00Z
ricardo-albuquerque-pacheco,2025,78,69,88,71,79,90,86,72,78,74,69,83,82,78,67,46,43,45,75,4,IMPORTADO,2025-01-15T10:00:00Z
ricardo-albuquerque-pacheco,2026,76,67,86,69,77,88,84,70,76,72,67,81,80,76,65,44,41,43,75,4,IMPORTADO,2026-01-15T10:00:00Z
anderson-dantas-duarte,2025,79,71,91,79,89,94,87,92,87,70,76,91,76,81,70,40,47,49,80,2,IMPORTADO,2025-01-15T10:00:00Z
anderson-dantas-duarte,2026,77,69,89,77,87,92,85,90,85,68,74,89,74,79,68,38,45,47,80,2,IMPORTADO,2026-01-15T10:00:00Z
felipe-rabelo-marinho,2025,81,78,74,78,86,91,90,89,81,78,66,89,88,71,72,52,51,53,88,7,IMPORTADO,2025-01-15T10:00:00Z
felipe-rabelo-marinho,2026,83,80,76,80,88,93,92,91,83,80,68,91,90,73,74,54,53,55,88,7,IMPORTADO,2026-01-15T10:00:00Z
murilo-esteves-meireles,2025,73,62,80,68,77,80,90,76,76,81,66,72,76,64,67,46,40,36,88,7,IMPORTADO,2025-01-15T10:00:00Z
murilo-esteves-meireles,2026,75,64,82,70,79,82,92,78,78,83,68,74,78,66,69,48,42,38,88,7,IMPORTADO,2026-01-15T10:00:00Z
italo-leite-marinho,2025,94,82,79,77,78,78,85,84,86,87,73,80,88,63,73,37,39,46,80,7,IMPORTADO,2025-01-15T10:00:00Z
italo-leite-marinho,2026,94,82,79,77,78,78,85,84,86,87,73,80,88,63,73,37,39,46,80,7,IMPORTADO,2026-01-15T10:00:00Z
rodrigo-duarte-nogueira,2025,87,79,87,75,85,80,94,88,85,75,74,82,84,73,63,47,37,48,80,3,IMPORTADO,2025-01-15T10:00:00Z
rodrigo-duarte-nogueira,2026,87,79,87,75,85,80,94,88,85,75,74,82,84,73,63,47,37,48,80,3,IMPORTADO,2026-01-15T10:00:00Z
henrique-dantas-ramalho,2025,77,80,74,84,74,79,80,73,84,94,94,78,90,67,65,39,37,40,77,3,IMPORTADO,2025-01-15T10:00:00Z
henrique-dantas-ramalho,2026,75,78,72,82,72,77,78,71,82,92,92,76,88,65,63,37,35,38,77,3,IMPORTADO,2026-01-15T10:00:00Z
thiago-pacheco-esteves,2025,77,83,79,92,74,70,79,68,93,94,93,75,90,60,57,52,40,50,88,6,IMPORTADO,2025-01-15T10:00:00Z
thiago-pacheco-esteves,2026,79,85,81,94,76,72,81,70,94,94,94,77,92,62,59,54,42,52,88,6,IMPORTADO,2026-01-15T10:00:00Z
rafael-nogueira-meireles,2025,57,78,68,70,83,64,52,54,68,47,58,64,60,61,48,85,94,84,85,5,IMPORTADO,2025-01-15T10:00:00Z
rafael-nogueira-meireles,2026,55,76,66,68,81,62,50,52,66,45,56,62,58,59,46,83,92,82,85,5,IMPORTADO,2026-01-15T10:00:00Z
yuri-correia-valadares,2025,66,72,74,86,83,73,61,58,81,47,67,74,79,65,51,94,91,94,94,4,IMPORTADO,2025-01-15T10:00:00Z
yuri-correia-valadares,2026,68,74,76,88,85,75,63,60,83,49,69,76,81,67,53,94,93,94,94,4,IMPORTADO,2026-01-15T10:00:00Z
adriano-moraes-xavier,2025,59,68,75,74,84,71,60,63,72,54,52,69,67,56,56,92,82,94,87,4,IMPORTADO,2025-01-15T10:00:00Z
adriano-moraes-xavier,2026,57,66,73,72,82,69,58,61,70,52,50,67,65,54,54,90,80,92,87,4,IMPORTADO,2026-01-15T10:00:00Z
mateus-aragao-lacerda,2025,72,79,81,91,68,77,71,70,81,65,91,78,66,90,94,44,36,50,82,4,IMPORTADO,2025-01-15T10:00:00Z
mateus-aragao-lacerda,2026,72,79,81,91,68,77,71,70,81,65,91,78,66,90,94,44,36,50,82,4,IMPORTADO,2026-01-15T10:00:00Z
otavio-queiroz-braga,2025,67,91,67,84,73,67,62,62,78,59,84,69,73,88,93,41,36,46,72,6,IMPORTADO,2025-01-15T10:00:00Z
otavio-queiroz-braga,2026,65,89,65,82,71,65,60,60,76,57,82,67,71,86,91,39,34,44,72,6,IMPORTADO,2026-01-15T10:00:00Z
wallace-marinho-siqueira,2025,72,84,82,82,74,73,60,73,73,55,89,65,71,90,94,39,48,36,86,4,IMPORTADO,2025-01-15T10:00:00Z
wallace-marinho-siqueira,2026,74,86,84,84,76,75,62,75,75,57,91,67,73,92,94,41,50,38,86,4,IMPORTADO,2026-01-15T10:00:00Z
eduardo-esteves-dantas,2025,63,76,82,87,79,76,63,66,70,50,83,71,63,85,78,41,43,48,70,2,IMPORTADO,2025-01-15T10:00:00Z
eduardo-esteves-dantas,2026,61,74,80,85,77,74,61,64,68,48,81,69,61,83,76,39,41,46,70,2,IMPORTADO,2026-01-15T10:00:00Z
eduardo-macedo-duarte,2025,89,77,79,86,86,82,88,91,72,75,81,79,73,82,84,51,46,47,83,3,IMPORTADO,2025-01-15T10:00:00Z
eduardo-macedo-duarte,2026,89,77,79,86,86,82,88,91,72,75,81,79,73,82,84,51,46,47,83,3,IMPORTADO,2026-01-15T10:00:00Z
fabricio-ramalho-nogueira,2025,75,76,86,68,85,72,75,78,70,68,63,67,73,76,81,40,45,32,86,3,IMPORTADO,2025-01-15T10:00:00Z
fabricio-ramalho-nogueira,2026,77,78,88,70,87,74,77,80,72,70,65,69,75,78,83,42,47,34,86,3,IMPORTADO,2026-01-15T10:00:00Z
yuri-ramalho-rabelo,2025,94,81,79,79,87,79,73,91,80,70,78,75,70,82,86,49,36,52,78,4,IMPORTADO,2025-01-15T10:00:00Z
yuri-ramalho-rabelo,2026,92,79,77,77,85,77,71,89,78,68,76,73,68,80,84,47,34,50,78,4,IMPORTADO,2026-01-15T10:00:00Z
marcelo-correia-fonseca,2025,81,79,82,87,78,77,83,94,77,71,79,75,67,80,82,47,43,45,84,3,IMPORTADO,2025-01-15T10:00:00Z
marcelo-correia-fonseca,2026,81,79,82,87,78,77,83,94,77,71,79,75,67,80,82,47,43,45,84,3,IMPORTADO,2026-01-15T10:00:00Z
vinicius-valadares-duarte,2025,71,91,83,84,82,84,72,70,76,64,74,83,75,85,79,42,36,44,81,8,IMPORTADO,2025-01-15T10:00:00Z
vinicius-valadares-duarte,2026,71,91,83,84,82,84,72,70,76,64,74,83,75,85,79,42,36,44,81,8,IMPORTADO,2026-01-15T10:00:00Z
adriano-pontes-siqueira,2025,69,76,89,83,71,89,71,73,83,74,77,81,77,93,83,38,39,43,80,4,IMPORTADO,2025-01-15T10:00:00Z
adriano-pontes-siqueira,2026,69,76,89,83,71,89,71,73,83,74,77,81,77,93,83,38,39,43,80,4,IMPORTADO,2026-01-15T10:00:00Z
emerson-siqueira-ramalho,2025,80,90,88,71,81,79,68,68,80,72,85,87,67,86,85,37,38,50,77,3,IMPORTADO,2025-01-15T10:00:00Z
emerson-siqueira-ramalho,2026,78,88,86,69,79,77,66,66,78,70,83,85,65,84,83,35,36,48,77,3,IMPORTADO,2026-01-15T10:00:00Z
fabricio-tavares-rezende,2025,65,78,69,73,69,91,72,78,86,60,70,81,74,61,68,35,34,35,87,5,IMPORTADO,2025-01-15T10:00:00Z
fabricio-tavares-rezende,2026,67,80,71,75,71,93,74,80,88,62,72,83,76,63,70,37,36,37,87,5,IMPORTADO,2026-01-15T10:00:00Z
leandro-marinho-correia,2025,74,69,85,69,77,79,84,75,73,64,67,73,68,71,66,44,44,41,86,8,IMPORTADO,2025-01-15T10:00:00Z
leandro-marinho-correia,2026,76,71,87,71,79,81,86,77,75,66,69,75,70,73,68,46,46,43,86,8,IMPORTADO,2026-01-15T10:00:00Z
adriano-siqueira-cavalcanti,2025,79,73,73,79,82,90,94,86,94,75,70,88,89,60,67,49,47,47,77,7,IMPORTADO,2025-01-15T10:00:00Z
adriano-siqueira-cavalcanti,2026,77,71,71,77,80,88,92,84,92,73,68,86,87,58,65,47,45,45,77,7,IMPORTADO,2026-01-15T10:00:00Z
kleber-moraes-correia,2025,77,69,80,75,84,81,83,90,80,83,68,93,87,65,61,45,51,45,88,4,IMPORTADO,2025-01-15T10:00:00Z
kleber-moraes-correia,2026,79,71,82,77,86,83,85,92,82,85,70,94,89,67,63,47,53,47,88,4,IMPORTADO,2026-01-15T10:00:00Z
eduardo-valadares-ramalho,2025,92,68,76,73,74,84,81,87,81,76,61,83,77,65,64,38,43,41,74,5,IMPORTADO,2025-01-15T10:00:00Z
eduardo-valadares-ramalho,2026,90,66,74,71,72,82,79,85,79,74,59,81,75,63,62,36,41,39,74,5,IMPORTADO,2026-01-15T10:00:00Z
rodrigo-pacheco-rabelo,2025,90,79,76,82,84,87,86,91,76,79,76,73,79,60,72,48,36,44,90,3,IMPORTADO,2025-01-15T10:00:00Z
rodrigo-pacheco-rabelo,2026,92,81,78,84,86,89,88,93,78,81,78,75,81,62,74,50,38,46,90,3,IMPORTADO,2026-01-15T10:00:00Z
douglas-cunha-leite,2025,81,89,87,75,81,77,78,66,85,94,82,76,79,63,62,37,37,52,81,4,IMPORTADO,2025-01-15T10:00:00Z
douglas-cunha-leite,2026,81,89,87,75,81,77,78,66,85,94,82,76,79,63,62,37,37,52,81,4,IMPORTADO,2026-01-15T10:00:00Z
fabricio-medeiros-rezende,2025,73,75,72,86,84,72,84,67,89,85,87,77,77,54,56,33,42,38,73,8,IMPORTADO,2025-01-15T10:00:00Z
fabricio-medeiros-rezende,2026,71,73,70,84,82,70,82,65,87,83,85,75,75,52,54,31,40,36,73,8,IMPORTADO,2026-01-15T10:00:00Z
italo-tavares-andrade,2025,61,75,81,86,90,76,57,64,78,54,65,72,64,54,67,94,89,88,90,2,IMPORTADO,2025-01-15T10:00:00Z
italo-tavares-andrade,2026,61,75,81,86,90,76,57,64,78,54,65,72,64,54,67,94,89,88,90,2,IMPORTADO,2026-01-15T10:00:00Z
gabriel-queiroz-esteves,2025,57,87,74,80,76,67,57,59,77,62,65,67,71,51,55,94,94,94,94,2,IMPORTADO,2025-01-15T10:00:00Z
gabriel-queiroz-esteves,2026,59,89,76,82,78,69,59,61,79,64,67,69,73,53,57,94,94,94,94,2,IMPORTADO,2026-01-15T10:00:00Z
otavio-furtado-medeiros,2025,63,76,74,84,84,67,65,61,77,55,63,62,65,52,59,90,90,85,94,4,IMPORTADO,2025-01-15T10:00:00Z
otavio-furtado-medeiros,2026,65,78,76,86,86,69,67,63,79,57,65,64,67,54,61,92,92,87,94,4,IMPORTADO,2026-01-15T10:00:00Z
gustavo-cavalcanti-braga,2025,70,84,82,78,69,87,72,59,81,57,94,68,71,87,94,45,38,43,74,7,IMPORTADO,2025-01-15T10:00:00Z
gustavo-cavalcanti-braga,2026,68,82,80,76,67,85,70,57,79,55,92,66,69,85,92,43,36,41,74,7,IMPORTADO,2026-01-15T10:00:00Z
thiago-lacerda-azevedo,2025,69,86,81,74,77,66,53,60,73,48,84,64,73,78,82,33,33,30,84,4,IMPORTADO,2025-01-15T10:00:00Z
thiago-lacerda-azevedo,2026,71,88,83,76,79,68,55,62,75,50,86,66,75,80,84,35,35,32,84,4,IMPORTADO,2026-01-15T10:00:00Z
caio-valadares-queiroz,2025,79,90,78,84,68,84,61,74,78,61,88,72,67,90,86,48,51,41,87,6,IMPORTADO,2025-01-15T10:00:00Z
caio-valadares-queiroz,2026,81,92,80,86,70,86,63,76,80,63,90,74,69,92,88,50,53,43,87,6,IMPORTADO,2026-01-15T10:00:00Z
ricardo-leite-guimaraes,2025,74,81,79,78,78,86,58,60,72,61,89,75,68,88,94,47,39,50,80,7,IMPORTADO,2025-01-15T10:00:00Z
ricardo-leite-guimaraes,2026,74,81,79,78,78,86,58,60,72,61,89,75,68,88,94,47,39,50,80,7,IMPORTADO,2026-01-15T10:00:00Z
lucas-guimaraes-medeiros,2025,92,76,92,80,76,83,87,90,82,73,68,72,79,87,75,47,51,51,80,3,IMPORTADO,2025-01-15T10:00:00Z
lucas-guimaraes-medeiros,2026,92,76,92,80,76,83,87,90,82,73,68,72,79,87,75,47,51,51,80,3,IMPORTADO,2026-01-15T10:00:00Z
anderson-guimaraes-moraes,2025,77,79,85,76,73,70,81,87,63,67,66,68,75,80,77,41,45,46,86,2,IMPORTADO,2025-01-15T10:00:00Z
anderson-guimaraes-moraes,2026,79,81,87,78,75,72,83,89,65,69,68,70,77,82,79,43,47,48,86,2,IMPORTADO,2026-01-15T10:00:00Z
alisson-braga-vasconcelos,2025,88,78,88,70,71,75,85,81,74,58,64,72,64,81,74,46,45,42,72,7,IMPORTADO,2025-01-15T10:00:00Z
alisson-braga-vasconcelos,2026,86,76,86,68,69,73,83,79,72,56,62,70,62,79,72,44,43,40,72,7,IMPORTADO,2026-01-15T10:00:00Z
rafael-medeiros-queiroz,2025,92,80,90,74,91,87,82,87,74,74,79,78,73,77,85,49,46,52,81,4,IMPORTADO,2025-01-15T10:00:00Z
rafael-medeiros-queiroz,2026,92,80,90,74,91,87,82,87,74,74,79,78,73,77,85,49,46,52,81,4,IMPORTADO,2026-01-15T10:00:00Z
yuri-xavier-leite,2025,76,81,83,73,67,77,74,66,74,71,83,74,64,88,80,38,48,33,73,8,IMPORTADO,2025-01-15T10:00:00Z
yuri-xavier-leite,2026,74,79,81,71,65,75,72,64,72,69,81,72,62,86,78,36,46,31,73,8,IMPORTADO,2026-01-15T10:00:00Z
ricardo-leite-rezende,2025,69,75,75,74,69,70,74,66,71,63,76,72,71,75,87,35,38,39,84,2,IMPORTADO,2025-01-15T10:00:00Z
ricardo-leite-rezende,2026,71,77,77,76,71,72,76,68,73,65,78,74,73,77,89,37,40,41,84,2,IMPORTADO,2026-01-15T10:00:00Z
patrick-freitas-aragao,2025,71,88,85,84,85,82,67,81,73,73,73,76,69,86,94,43,40,45,84,8,IMPORTADO,2025-01-15T10:00:00Z
patrick-freitas-aragao,2026,71,88,85,84,85,82,67,81,73,73,73,76,69,86,94,43,40,45,84,8,IMPORTADO,2026-01-15T10:00:00Z
fabricio-guimaraes-andrade,2025,81,72,78,75,85,94,92,88,83,79,75,93,73,75,73,47,52,50,81,3,IMPORTADO,2025-01-15T10:00:00Z
fabricio-guimaraes-andrade,2026,81,72,78,75,85,94,92,88,83,79,75,93,73,75,73,47,52,50,81,3,IMPORTADO,2026-01-15T10:00:00Z
kleber-vasconcelos-cardoso,2025,77,69,80,80,88,88,78,81,84,78,63,82,80,74,75,46,45,52,82,2,IMPORTADO,2025-01-15T10:00:00Z
kleber-vasconcelos-cardoso,2026,77,69,80,80,88,88,78,81,84,78,63,82,80,74,75,46,45,52,82,2,IMPORTADO,2026-01-15T10:00:00Z
samuel-ramalho-correia,2025,86,67,75,79,93,79,79,91,94,85,71,91,90,74,62,41,51,37,89,3,IMPORTADO,2025-01-15T10:00:00Z
samuel-ramalho-correia,2026,88,69,77,81,94,81,81,93,94,87,73,93,92,76,64,43,53,39,89,3,IMPORTADO,2026-01-15T10:00:00Z
patrick-vasconcelos-azevedo,2025,76,80,86,73,83,83,94,85,85,76,77,89,88,60,68,43,37,45,83,7,IMPORTADO,2025-01-15T10:00:00Z
patrick-vasconcelos-azevedo,2026,76,80,86,73,83,83,94,85,85,76,77,89,88,60,68,43,37,45,83,7,IMPORTADO,2026-01-15T10:00:00Z
rafael-fonseca-farias,2025,88,69,87,76,79,78,94,86,75,80,81,86,84,61,66,45,39,48,79,3,IMPORTADO,2025-01-15T10:00:00Z
rafael-fonseca-farias,2026,88,69,87,76,79,78,94,86,75,80,81,86,84,61,66,45,39,48,79,3,IMPORTADO,2026-01-15T10:00:00Z
eduardo-ramalho-peixoto,2025,88,74,84,64,86,67,80,77,68,82,60,65,70,56,65,30,31,38,87,3,IMPORTADO,2025-01-15T10:00:00Z
eduardo-ramalho-peixoto,2026,90,76,86,66,88,69,82,79,70,84,62,67,72,58,67,32,33,40,87,3,IMPORTADO,2026-01-15T10:00:00Z
renan-tavares-moraes,2025,85,84,85,78,77,74,89,69,82,85,82,73,82,57,61,46,42,48,77,6,IMPORTADO,2025-01-15T10:00:00Z
renan-tavares-moraes,2026,85,84,85,78,77,74,89,69,82,85,82,73,82,57,61,46,42,48,77,6,IMPORTADO,2026-01-15T10:00:00Z
samuel-xavier-cardoso,2025,86,90,87,75,80,80,86,77,82,94,91,70,88,71,70,43,47,41,79,7,IMPORTADO,2025-01-15T10:00:00Z
samuel-xavier-cardoso,2026,84,88,85,73,78,78,84,75,80,92,89,68,86,69,68,41,45,39,79,7,IMPORTADO,2026-01-15T10:00:00Z
patrick-sampaio-meireles,2025,53,69,60,73,71,63,57,54,67,43,54,60,60,47,52,88,81,87,83,6,IMPORTADO,2025-01-15T10:00:00Z
patrick-sampaio-meireles,2026,51,67,58,71,69,61,55,52,65,41,52,58,58,45,50,86,79,85,83,6,IMPORTADO,2026-01-15T10:00:00Z
samuel-freitas-queiroz,2025,63,83,74,86,75,76,66,53,85,56,57,65,62,60,53,92,94,84,90,4,IMPORTADO,2025-01-15T10:00:00Z
samuel-freitas-queiroz,2026,63,83,74,86,75,76,66,53,85,56,57,65,62,60,53,92,94,84,90,4,IMPORTADO,2026-01-15T10:00:00Z
thiago-vasconcelos-braga,2025,59,65,69,76,76,54,60,45,68,43,49,65,65,50,50,90,94,79,94,7,IMPORTADO,2025-01-15T10:00:00Z
thiago-vasconcelos-braga,2026,61,67,71,78,78,56,62,47,70,45,51,67,67,52,52,92,94,81,94,7,IMPORTADO,2026-01-15T10:00:00Z
emerson-correia-valadares,2025,64,93,72,89,75,75,70,72,71,63,87,63,73,80,94,50,36,45,78,6,IMPORTADO,2025-01-15T10:00:00Z
emerson-correia-valadares,2026,64,93,72,89,75,75,70,72,71,63,87,63,73,80,94,50,36,45,78,6,IMPORTADO,2026-01-15T10:00:00Z
douglas-rabelo-macedo,2025,68,80,78,77,67,86,66,74,84,67,91,72,62,94,94,36,41,40,87,2,IMPORTADO,2025-01-15T10:00:00Z
douglas-rabelo-macedo,2026,70,82,80,79,69,88,68,76,86,69,93,74,64,94,94,38,43,42,87,2,IMPORTADO,2026-01-15T10:00:00Z
wallace-queiroz-marinho,2025,78,88,72,88,72,81,61,60,83,64,94,72,74,93,80,46,51,48,87,7,IMPORTADO,2025-01-15T10:00:00Z
wallace-queiroz-marinho,2026,80,90,74,90,74,83,63,62,85,66,94,74,76,94,82,48,53,50,87,7,IMPORTADO,2026-01-15T10:00:00Z
diego-correia-magalhaes,2025,74,87,81,76,68,76,52,63,66,58,84,65,68,84,89,35,42,38,70,5,IMPORTADO,2025-01-15T10:00:00Z
diego-correia-magalhaes,2026,72,85,79,74,66,74,50,61,64,56,82,63,66,82,87,33,40,36,70,5,IMPORTADO,2026-01-15T10:00:00Z
lucas-macedo-cunha,2025,94,75,79,80,87,86,82,78,83,73,74,77,78,73,73,50,37,48,90,5,IMPORTADO,2025-01-15T10:00:00Z
lucas-macedo-cunha,2026,94,77,81,82,89,88,84,80,85,75,76,79,80,75,75,52,39,50,90,5,IMPORTADO,2026-01-15T10:00:00Z
samuel-bezerra-aragao,2025,80,70,86,74,79,82,83,78,74,71,68,76,68,81,77,39,46,51,76,6,IMPORTADO,2025-01-15T10:00:00Z
samuel-bezerra-aragao,2026,80,70,86,74,79,82,83,78,74,71,68,76,68,81,77,39,46,51,76,6,IMPORTADO,2026-01-15T10:00:00Z
ricardo-correia-pacheco,2025,77,68,82,66,78,82,68,83,65,58,62,68,58,82,80,45,39,36,86,5,IMPORTADO,2025-01-15T10:00:00Z
ricardo-correia-pacheco,2026,79,70,84,68,80,84,70,85,67,60,64,70,60,84,82,47,41,38,86,5,IMPORTADO,2026-01-15T10:00:00Z
henrique-andrade-moraes,2025,81,68,83,78,87,84,87,78,76,60,66,72,76,75,81,42,48,46,77,8,IMPORTADO,2025-01-15T10:00:00Z
henrique-andrade-moraes,2026,81,68,83,78,87,84,87,78,76,60,66,72,76,75,81,42,48,46,77,8,IMPORTADO,2026-01-15T10:00:00Z
vinicius-sampaio-valadares,2025,65,71,74,75,70,77,68,73,78,67,66,71,76,80,84,31,33,32,87,7,IMPORTADO,2025-01-15T10:00:00Z
vinicius-sampaio-valadares,2026,67,73,76,77,72,79,70,75,80,69,68,73,78,82,86,33,35,34,87,7,IMPORTADO,2026-01-15T10:00:00Z
otavio-esteves-vasconcelos,2025,70,79,77,70,73,72,71,62,78,68,74,73,66,87,83,43,42,40,71,2,IMPORTADO,2025-01-15T10:00:00Z
otavio-esteves-vasconcelos,2026,68,77,75,68,71,70,69,60,76,66,72,71,64,85,81,41,40,38,71,2,IMPORTADO,2026-01-15T10:00:00Z
bruno-fonseca-siqueira,2025,76,87,80,77,80,80,77,82,74,61,71,83,74,80,92,38,44,47,83,5,IMPORTADO,2025-01-15T10:00:00Z
bruno-fonseca-siqueira,2026,76,87,80,77,80,80,77,82,74,61,71,83,74,80,92,38,44,47,83,5,IMPORTADO,2026-01-15T10:00:00Z
caio-freitas-pacheco,2025,71,75,79,76,76,94,77,77,86,80,74,76,73,71,69,49,50,51,79,4,IMPORTADO,2025-01-15T10:00:00Z
caio-freitas-pacheco,2026,71,75,79,76,76,94,77,77,86,80,74,76,73,71,69,49,50,51,79,4,IMPORTADO,2026-01-15T10:00:00Z
alisson-pacheco-marinho,2025,81,68,85,79,88,82,80,77,86,67,71,90,74,81,68,45,37,40,78,7,IMPORTADO,2025-01-15T10:00:00Z
alisson-pacheco-marinho,2026,81,68,85,79,88,82,80,77,86,67,71,90,74,81,68,45,37,40,78,7,IMPORTADO,2026-01-15T10:00:00Z
caio-correia-leite,2025,80,69,80,60,77,86,74,72,76,68,65,78,83,52,54,29,32,37,85,5,IMPORTADO,2025-01-15T10:00:00Z
caio-correia-leite,2026,82,71,82,62,79,88,76,74,78,70,67,80,85,54,56,31,34,39,85,5,IMPORTADO,2026-01-15T10:00:00Z
thiago-vasconcelos-pacheco,2025,88,75,72,67,87,83,89,75,80,90,73,78,85,61,71,40,47,43,78,2,IMPORTADO,2025-01-15T10:00:00Z
thiago-vasconcelos-pacheco,2026,88,75,72,67,87,83,89,75,80,90,73,78,85,61,71,40,47,43,78,2,IMPORTADO,2026-01-15T10:00:00Z
leandro-medeiros-xavier,2025,94,78,87,73,87,73,81,82,77,87,76,85,78,67,63,42,49,38,87,2,IMPORTADO,2025-01-15T10:00:00Z
leandro-medeiros-xavier,2026,94,80,89,75,89,75,83,84,79,89,78,87,80,69,65,44,51,40,87,2,IMPORTADO,2026-01-15T10:00:00Z
bruno-furtado-cavalcanti,2025,94,70,88,71,87,76,93,90,84,88,66,76,79,63,68,51,43,44,84,2,IMPORTADO,2025-01-15T10:00:00Z
bruno-furtado-cavalcanti,2026,94,70,88,71,87,76,93,90,84,88,66,76,79,63,68,51,43,44,84,2,IMPORTADO,2026-01-15T10:00:00Z
gabriel-siqueira-guimaraes,2025,83,80,85,88,77,83,85,74,84,83,80,73,79,54,70,39,36,38,87,3,IMPORTADO,2025-01-15T10:00:00Z
gabriel-siqueira-guimaraes,2026,85,82,87,90,79,85,87,76,86,85,82,75,81,56,72,41,38,40,87,3,IMPORTADO,2026-01-15T10:00:00Z
alisson-andrade-tavares,2025,81,74,68,85,70,73,69,61,72,93,83,73,83,55,58,37,45,37,71,3,IMPORTADO,2025-01-15T10:00:00Z
alisson-andrade-tavares,2026,79,72,66,83,68,71,67,59,70,91,81,71,81,53,56,35,43,35,71,3,IMPORTADO,2026-01-15T10:00:00Z
wallace-esteves-fonseca,2025,67,69,66,77,85,70,63,48,70,44,64,63,63,51,59,84,87,88,84,6,IMPORTADO,2025-01-15T10:00:00Z
wallace-esteves-fonseca,2026,65,67,64,75,83,68,61,46,68,42,62,61,61,49,57,82,85,86,84,6,IMPORTADO,2026-01-15T10:00:00Z
fabricio-duarte-correia,2025,62,67,75,68,84,65,48,58,76,43,55,60,63,60,55,90,84,86,84,7,IMPORTADO,2025-01-15T10:00:00Z
fabricio-duarte-correia,2026,60,65,73,66,82,63,46,56,74,41,53,58,61,58,53,88,82,84,84,7,IMPORTADO,2026-01-15T10:00:00Z
rafael-meireles-bezerra,2025,62,67,73,81,79,69,64,54,72,41,53,65,63,54,55,90,80,78,80,6,IMPORTADO,2025-01-15T10:00:00Z
rafael-meireles-bezerra,2026,60,65,71,79,77,67,62,52,70,39,51,63,61,52,53,88,78,76,80,6,IMPORTADO,2026-01-15T10:00:00Z
anderson-esteves-leite,2025,73,73,80,78,73,76,51,64,77,55,84,59,64,76,79,44,40,36,82,2,IMPORTADO,2025-01-15T10:00:00Z
anderson-esteves-leite,2026,75,75,82,80,75,78,53,66,79,57,86,61,66,78,81,46,42,38,82,2,IMPORTADO,2026-01-15T10:00:00Z
mateus-freitas-aragao,2025,79,83,84,83,72,76,72,70,79,66,89,76,72,83,83,48,42,40,86,4,IMPORTADO,2025-01-15T10:00:00Z
mateus-freitas-aragao,2026,81,85,86,85,74,78,74,72,81,68,91,78,74,85,85,50,44,42,86,4,IMPORTADO,2026-01-15T10:00:00Z
bruno-correia-tavares,2025,77,91,78,77,81,79,59,68,77,59,83,69,62,93,83,47,36,42,75,2,IMPORTADO,2025-01-15T10:00:00Z
bruno-correia-tavares,2026,77,91,78,77,81,79,59,68,77,59,83,69,62,93,83,47,36,42,75,2,IMPORTADO,2026-01-15T10:00:00Z
marcelo-cunha-peixoto,2025,78,81,71,85,79,76,67,62,80,59,81,75,65,81,94,36,49,41,75,2,IMPORTADO,2025-01-15T10:00:00Z
marcelo-cunha-peixoto,2026,78,81,71,85,79,76,67,62,80,59,81,75,65,81,94,36,49,41,75,2,IMPORTADO,2026-01-15T10:00:00Z
caio-siqueira-moraes,2025,83,72,80,71,83,86,76,83,78,70,78,74,79,84,81,51,47,44,87,3,IMPORTADO,2025-01-15T10:00:00Z
caio-siqueira-moraes,2026,85,74,82,73,85,88,78,85,80,72,80,76,81,86,83,53,49,46,87,3,IMPORTADO,2026-01-15T10:00:00Z
rodrigo-cavalcanti-bezerra,2025,87,71,94,75,87,84,87,91,84,62,74,72,64,79,78,40,43,47,77,8,IMPORTADO,2025-01-15T10:00:00Z
rodrigo-cavalcanti-bezerra,2026,85,69,92,73,85,82,85,89,82,60,72,70,62,77,76,38,41,45,77,8,IMPORTADO,2026-01-15T10:00:00Z
murilo-queiroz-cardoso,2025,89,76,79,77,75,82,76,93,74,70,71,74,67,88,77,46,47,43,77,5,IMPORTADO,2025-01-15T10:00:00Z
murilo-queiroz-cardoso,2026,89,76,79,77,75,82,76,93,74,70,71,74,67,88,77,46,47,43,77,5,IMPORTADO,2026-01-15T10:00:00Z
renan-aragao-braga,2025,78,63,76,71,79,72,67,73,62,59,68,62,62,75,75,34,43,30,84,6,IMPORTADO,2025-01-15T10:00:00Z
renan-aragao-braga,2026,80,65,78,73,81,74,69,75,64,61,70,64,64,77,77,36,45,32,84,6,IMPORTADO,2026-01-15T10:00:00Z
douglas-cavalcanti-vasconcelos,2025,71,74,78,79,79,77,68,76,68,58,78,71,75,82,82,44,44,38,72,3,IMPORTADO,2025-01-15T10:00:00Z
douglas-cavalcanti-vasconcelos,2026,69,72,76,77,77,75,66,74,66,56,76,69,73,80,80,42,42,36,72,3,IMPORTADO,2026-01-15T10:00:00Z
vinicius-braga-nogueira,2025,68,79,77,77,73,79,63,60,67,56,66,64,67,87,80,30,45,30,84,6,IMPORTADO,2025-01-15T10:00:00Z
vinicius-braga-nogueira,2026,70,81,79,79,75,81,65,62,69,58,68,66,69,89,82,32,47,32,84,6,IMPORTADO,2026-01-15T10:00:00Z
henrique-duarte-guimaraes,2025,73,77,71,68,78,77,70,72,77,60,68,67,73,76,86,44,36,39,86,8,IMPORTADO,2025-01-15T10:00:00Z
henrique-duarte-guimaraes,2026,75,79,73,70,80,79,72,74,79,62,70,69,75,78,88,46,38,41,86,8,IMPORTADO,2026-01-15T10:00:00Z
caio-esteves-peixoto,2025,84,79,74,71,76,93,87,74,90,73,63,91,80,79,70,47,44,38,78,2,IMPORTADO,2025-01-15T10:00:00Z
caio-esteves-peixoto,2026,84,79,74,71,76,93,87,74,90,73,63,91,80,79,70,47,44,38,78,2,IMPORTADO,2026-01-15T10:00:00Z
murilo-tavares-cardoso,2025,78,76,88,80,90,94,84,75,86,67,76,90,81,75,66,51,42,39,78,6,IMPORTADO,2025-01-15T10:00:00Z
murilo-tavares-cardoso,2026,76,74,86,78,88,92,82,73,84,65,74,88,79,73,64,49,40,37,78,6,IMPORTADO,2026-01-15T10:00:00Z
bruno-furtado-guimaraes,2025,77,64,72,75,72,89,79,80,80,77,63,88,70,64,66,47,31,34,72,5,IMPORTADO,2025-01-15T10:00:00Z
bruno-furtado-guimaraes,2026,75,62,70,73,70,87,77,78,78,75,61,86,68,62,64,45,29,32,72,5,IMPORTADO,2026-01-15T10:00:00Z
nathan-macedo-cunha,2025,74,73,78,81,77,85,79,83,91,86,78,92,89,61,60,37,38,47,79,7,IMPORTADO,2025-01-15T10:00:00Z
nathan-macedo-cunha,2026,74,73,78,81,77,85,79,83,91,86,78,92,89,61,60,37,38,47,79,7,IMPORTADO,2026-01-15T10:00:00Z
nathan-meireles-medeiros,2025,92,72,82,72,86,83,94,87,79,81,79,83,76,58,68,43,43,38,88,6,IMPORTADO,2025-01-15T10:00:00Z
nathan-meireles-medeiros,2026,94,74,84,74,88,85,94,89,81,83,81,85,78,60,70,45,45,40,88,6,IMPORTADO,2026-01-15T10:00:00Z
anderson-vasconcelos-azevedo,2025,80,75,83,77,77,79,90,91,74,73,79,76,80,64,66,39,41,51,86,2,IMPORTADO,2025-01-15T10:00:00Z
anderson-vasconcelos-azevedo,2026,82,77,85,79,79,81,92,93,76,75,81,78,82,66,68,41,43,53,86,2,IMPORTADO,2026-01-15T10:00:00Z
wallace-xavier-magalhaes,2025,86,79,86,90,77,80,76,69,76,93,78,69,83,61,61,43,37,49,77,5,IMPORTADO,2025-01-15T10:00:00Z
wallace-xavier-magalhaes,2026,86,79,86,90,77,80,76,69,76,93,78,69,83,61,61,43,37,49,77,5,IMPORTADO,2026-01-15T10:00:00Z
gustavo-rezende-fonseca,2025,90,83,80,88,88,74,80,77,76,94,94,79,87,56,65,49,42,36,88,2,IMPORTADO,2025-01-15T10:00:00Z
gustavo-rezende-fonseca,2026,92,85,82,90,90,76,82,79,78,94,94,81,89,58,67,51,44,38,88,2,IMPORTADO,2026-01-15T10:00:00Z
patrick-cavalcanti-braga,2025,69,84,68,77,77,74,64,54,83,59,64,68,70,54,51,91,91,88,94,4,IMPORTADO,2025-01-15T10:00:00Z
patrick-cavalcanti-braga,2026,71,86,70,79,79,76,66,56,85,61,66,70,72,56,53,93,93,90,94,4,IMPORTADO,2026-01-15T10:00:00Z
alisson-marinho-aragao,2025,57,84,77,73,79,75,57,49,75,57,56,64,62,55,56,88,94,81,94,5,IMPORTADO,2025-01-15T10:00:00Z
alisson-marinho-aragao,2026,59,86,79,75,81,77,59,51,77,59,58,66,64,57,58,90,94,83,94,5,IMPORTADO,2026-01-15T10:00:00Z
rodrigo-tavares-albuquerque,2025,58,75,74,73,79,75,52,59,85,50,67,68,77,51,62,86,94,88,92,4,IMPORTADO,2025-01-15T10:00:00Z
rodrigo-tavares-albuquerque,2026,58,75,74,73,79,75,52,59,85,50,67,68,77,51,62,86,94,88,92,4,IMPORTADO,2026-01-15T10:00:00Z
danilo-valadares-aragao,2025,68,76,68,83,74,64,49,60,73,55,87,69,65,83,74,29,32,32,83,5,IMPORTADO,2025-01-15T10:00:00Z
danilo-valadares-aragao,2026,70,78,70,85,76,66,51,62,75,57,89,71,67,85,76,31,34,34,83,5,IMPORTADO,2026-01-15T10:00:00Z
renan-vasconcelos-cunha,2025,63,74,73,82,74,70,58,53,71,59,77,60,64,79,77,31,35,29,81,5,IMPORTADO,2025-01-15T10:00:00Z
renan-vasconcelos-cunha,2026,65,76,75,84,76,72,60,55,73,61,79,62,66,81,79,33,37,31,81,5,IMPORTADO,2026-01-15T10:00:00Z
lucas-rabelo-fonseca,2025,69,86,76,87,69,70,63,64,69,54,92,69,64,79,85,40,48,46,73,6,IMPORTADO,2025-01-15T10:00:00Z
lucas-rabelo-fonseca,2026,69,86,76,87,69,70,63,64,69,54,92,69,64,79,85,40,48,46,73,6,IMPORTADO,2026-01-15T10:00:00Z
marcelo-xavier-siqueira,2025,66,77,82,91,73,70,63,61,82,62,92,74,73,83,85,41,43,47,77,4,IMPORTADO,2025-01-15T10:00:00Z
marcelo-xavier-siqueira,2026,66,77,82,91,73,70,63,61,82,62,92,74,73,83,85,41,43,47,77,4,IMPORTADO,2026-01-15T10:00:00Z
diego-magalhaes-furtado,2025,75,75,77,79,71,81,78,77,72,62,70,77,70,77,69,41,39,39,72,7,IMPORTADO,2025-01-15T10:00:00Z
diego-magalhaes-furtado,2026,73,73,75,77,69,79,76,75,70,60,68,75,68,75,67,39,37,37,72,7,IMPORTADO,2026-01-15T10:00:00Z
fabricio-rezende-queiroz,2025,80,69,78,72,85,81,77,81,69,66,70,71,73,75,74,40,39,47,83,5,IMPORTADO,2025-01-15T10:00:00Z
fabricio-rezende-queiroz,2026,82,71,80,74,87,83,79,83,71,68,72,73,75,77,76,42,41,49,83,5,IMPORTADO,2026-01-15T10:00:00Z
douglas-magalhaes-cardoso,2025,83,79,77,81,77,73,82,90,81,66,74,72,64,72,71,34,46,41,87,8,IMPORTADO,2025-01-15T10:00:00Z
douglas-magalhaes-cardoso,2026,85,81,79,83,79,75,84,92,83,68,76,74,66,74,73,36,48,43,87,8,IMPORTADO,2026-01-15T10:00:00Z
diego-sampaio-peixoto,2025,89,68,83,83,85,73,84,92,77,59,74,82,77,76,81,49,46,49,82,2,IMPORTADO,2025-01-15T10:00:00Z
diego-sampaio-peixoto,2026,89,68,83,83,85,73,84,92,77,59,74,82,77,76,81,49,46,49,82,2,IMPORTADO,2026-01-15T10:00:00Z
gabriel-rabelo-fonseca,2025,69,84,79,69,72,78,66,70,75,73,74,76,65,93,80,50,42,49,75,2,IMPORTADO,2025-01-15T10:00:00Z
gabriel-rabelo-fonseca,2026,69,84,79,69,72,78,66,70,75,73,74,76,65,93,80,50,42,49,75,2,IMPORTADO,2026-01-15T10:00:00Z
fabricio-cunha-magalhaes,2025,64,78,74,66,69,72,74,71,75,56,75,76,69,87,78,31,43,34,70,5,IMPORTADO,2025-01-15T10:00:00Z
fabricio-cunha-magalhaes,2026,62,76,72,64,67,70,72,69,73,54,73,74,67,85,76,29,41,32,70,5,IMPORTADO,2026-01-15T10:00:00Z
yuri-ramalho-cunha,2025,65,80,83,79,76,77,64,73,72,65,75,70,67,86,84,41,44,45,72,8,IMPORTADO,2025-01-15T10:00:00Z
yuri-ramalho-cunha,2026,63,78,81,77,74,75,62,71,70,63,73,68,65,84,82,39,42,43,72,8,IMPORTADO,2026-01-15T10:00:00Z
adriano-pacheco-esteves,2025,80,83,80,80,87,94,80,78,88,68,74,84,86,72,69,36,41,44,78,8,IMPORTADO,2025-01-15T10:00:00Z
adriano-pacheco-esteves,2026,78,81,78,78,85,92,78,76,86,66,72,82,84,70,67,34,39,42,78,8,IMPORTADO,2026-01-15T10:00:00Z
wallace-guimaraes-peixoto,2025,72,72,76,79,85,84,86,85,81,77,71,87,76,76,80,39,36,40,83,2,IMPORTADO,2025-01-15T10:00:00Z
wallace-guimaraes-peixoto,2026,72,72,76,79,85,84,86,85,81,77,71,87,76,76,80,39,36,40,83,2,IMPORTADO,2026-01-15T10:00:00Z
fabricio-meireles-duarte,2025,77,62,73,64,72,87,87,84,80,72,71,77,84,66,69,33,33,34,73,2,IMPORTADO,2025-01-15T10:00:00Z
fabricio-meireles-duarte,2026,75,60,71,62,70,85,85,82,78,70,69,75,82,64,67,31,31,32,73,2,IMPORTADO,2026-01-15T10:00:00Z
felipe-cunha-rezende,2025,82,68,87,67,79,82,89,84,90,89,63,76,77,59,72,37,42,41,80,3,IMPORTADO,2025-01-15T10:00:00Z
felipe-cunha-rezende,2026,82,68,87,67,79,82,89,84,90,89,63,76,77,59,72,37,42,41,80,3,IMPORTADO,2026-01-15T10:00:00Z
fabricio-cunha-freitas,2025,81,74,87,68,85,87,87,78,82,81,68,73,69,68,60,49,42,36,80,4,IMPORTADO,2025-01-15T10:00:00Z
fabricio-cunha-freitas,2026,81,74,87,68,85,87,87,78,82,81,68,73,69,68,60,49,42,36,80,4,IMPORTADO,2026-01-15T10:00:00Z
emerson-andrade-nogueira,2025,76,74,70,61,85,77,76,81,75,65,68,69,72,57,64,36,37,43,83,5,IMPORTADO,2025-01-15T10:00:00Z
emerson-andrade-nogueira,2026,78,76,72,63,87,79,78,83,77,67,70,71,74,59,66,38,39,45,83,5,IMPORTADO,2026-01-15T10:00:00Z
caio-guimaraes-duarte,2025,70,82,70,76,67,71,67,71,69,80,86,64,72,57,49,39,29,36,84,3,IMPORTADO,2025-01-15T10:00:00Z
caio-guimaraes-duarte,2026,72,84,72,78,69,73,69,73,71,82,88,66,74,59,51,41,31,38,84,3,IMPORTADO,2026-01-15T10:00:00Z
lucas-fonseca-esteves,2025,72,69,66,76,71,77,74,63,73,83,81,79,86,56,56,32,33,41,70,8,IMPORTADO,2025-01-15T10:00:00Z
lucas-fonseca-esteves,2026,70,67,64,74,69,75,72,61,71,81,79,77,84,54,54,30,31,39,70,8,IMPORTADO,2026-01-15T10:00:00Z
douglas-farias-pacheco,2025,60,77,65,85,84,61,57,58,73,43,57,71,71,51,52,88,88,80,83,7,IMPORTADO,2025-01-15T10:00:00Z
douglas-farias-pacheco,2026,58,75,63,83,82,59,55,56,71,41,55,69,69,49,50,86,86,78,83,7,IMPORTADO,2026-01-15T10:00:00Z
felipe-dantas-cunha,2025,52,77,73,69,74,67,56,47,69,51,55,66,69,58,53,92,89,84,86,2,IMPORTADO,2025-01-15T10:00:00Z
felipe-dantas-cunha,2026,50,75,71,67,72,65,54,45,67,49,53,64,67,56,51,90,87,82,86,2,IMPORTADO,2026-01-15T10:00:00Z
kleber-magalhaes-cunha,2025,68,82,77,71,82,63,57,53,84,48,65,61,60,58,56,94,87,89,92,6,IMPORTADO,2025-01-15T10:00:00Z
kleber-magalhaes-cunha,2026,68,82,77,71,82,63,57,53,84,48,65,61,60,58,56,94,87,89,92,6,IMPORTADO,2026-01-15T10:00:00Z
igor-tavares-albuquerque,2025,58,84,66,84,65,76,58,61,76,56,83,68,68,86,83,30,43,33,85,8,IMPORTADO,2025-01-15T10:00:00Z
igor-tavares-albuquerque,2026,60,86,68,86,67,78,60,63,78,58,85,70,70,88,85,32,45,35,85,8,IMPORTADO,2026-01-15T10:00:00Z
leandro-rezende-cardoso,2025,78,79,82,86,72,72,59,57,80,60,84,68,75,91,94,48,39,43,84,6,IMPORTADO,2025-01-15T10:00:00Z
leandro-rezende-cardoso,2026,80,81,84,88,74,74,61,59,82,62,86,70,77,93,94,50,41,45,84,6,IMPORTADO,2026-01-15T10:00:00Z
yuri-cavalcanti-medeiros,2025,78,88,80,78,74,68,68,70,82,56,78,67,63,85,91,47,39,39,75,5,IMPORTADO,2025-01-15T10:00:00Z
yuri-cavalcanti-medeiros,2026,78,88,80,78,74,68,68,70,82,56,78,67,63,85,91,47,39,39,75,5,IMPORTADO,2026-01-15T10:00:00Z
rafael-marinho-braga,2025,57,75,67,84,66,70,53,64,69,59,85,58,59,74,73,42,28,43,79,2,IMPORTADO,2025-01-15T10:00:00Z
rafael-marinho-braga,2026,59,77,69,86,68,72,55,66,71,61,87,60,61,76,75,44,30,45,79,2,IMPORTADO,2026-01-15T10:00:00Z
kleber-rezende-albuquerque,2025,79,73,78,75,86,84,73,87,72,62,76,79,76,82,70,45,35,43,78,7,IMPORTADO,2025-01-15T10:00:00Z
kleber-rezende-albuquerque,2026,79,73,78,75,86,84,73,87,72,62,76,79,76,82,70,45,35,43,78,7,IMPORTADO,2026-01-15T10:00:00Z
danilo-xavier-pacheco,2025,79,71,83,73,77,73,73,83,75,59,70,66,58,75,67,41,41,40,86,2,IMPORTADO,2025-01-15T10:00:00Z
danilo-xavier-pacheco,2026,81,73,85,75,79,75,75,85,77,61,72,68,60,77,69,43,43,42,86,2,IMPORTADO,2026-01-15T10:00:00Z
rodrigo-farias-cavalcanti,2025,81,76,87,73,87,85,77,87,75,58,69,81,68,75,71,49,42,46,87,6,IMPORTADO,2025-01-15T10:00:00Z
rodrigo-farias-cavalcanti,2026,83,78,89,75,89,87,79,89,77,60,71,83,70,77,73,51,44,48,87,6,IMPORTADO,2026-01-15T10:00:00Z
wallace-fonseca-tavares,2025,85,73,85,76,79,83,73,89,74,59,73,74,73,78,75,45,49,44,84,3,IMPORTADO,2025-01-15T10:00:00Z
wallace-fonseca-tavares,2026,87,75,87,78,81,85,75,91,76,61,75,76,75,80,77,47,51,46,84,3,IMPORTADO,2026-01-15T10:00:00Z
otavio-marinho-cavalcanti,2025,62,72,75,70,72,70,60,67,68,60,74,76,70,85,73,39,43,38,83,8,IMPORTADO,2025-01-15T10:00:00Z
otavio-marinho-cavalcanti,2026,64,74,77,72,74,72,62,69,70,62,76,78,72,87,75,41,45,40,83,8,IMPORTADO,2026-01-15T10:00:00Z
henrique-meireles-farias,2025,73,78,71,66,66,71,60,74,82,62,76,74,63,83,76,44,34,44,69,6,IMPORTADO,2025-01-15T10:00:00Z
henrique-meireles-farias,2026,71,76,69,64,64,69,58,72,80,60,74,72,61,81,74,42,32,42,69,6,IMPORTADO,2026-01-15T10:00:00Z
rodrigo-pontes-correia,2025,82,86,74,73,71,84,70,70,76,65,78,80,77,87,86,39,36,45,88,8,IMPORTADO,2025-01-15T10:00:00Z
rodrigo-pontes-correia,2026,84,88,76,75,73,86,72,72,78,67,80,82,79,89,88,41,38,47,88,8,IMPORTADO,2026-01-15T10:00:00Z
mateus-tavares-siqueira,2025,60,75,66,61,81,80,78,70,76,57,57,71,72,74,68,28,33,27,81,5,IMPORTADO,2025-01-15T10:00:00Z
mateus-tavares-siqueira,2026,62,77,68,63,83,82,80,72,78,59,59,73,74,76,70,30,35,29,81,5,IMPORTADO,2026-01-15T10:00:00Z
anderson-albuquerque-marinho,2025,74,67,82,65,78,80,68,80,71,61,62,69,69,71,59,29,28,43,84,6,IMPORTADO,2025-01-15T10:00:00Z
anderson-albuquerque-marinho,2026,76,69,84,67,80,82,70,82,73,63,64,71,71,73,61,31,30,45,84,6,IMPORTADO,2026-01-15T10:00:00Z
samuel-medeiros-azevedo,2025,85,66,83,67,87,77,85,83,76,72,73,78,88,61,60,46,47,36,86,6,IMPORTADO,2025-01-15T10:00:00Z
samuel-medeiros-azevedo,2026,87,68,85,69,89,79,87,85,78,74,75,80,90,63,62,48,49,38,86,6,IMPORTADO,2026-01-15T10:00:00Z
alisson-magalhaes-queiroz,2025,69,58,69,62,77,74,71,67,85,66,68,71,72,53,50,33,35,35,81,7,IMPORTADO,2025-01-15T10:00:00Z
alisson-magalhaes-queiroz,2026,71,60,71,64,79,76,73,69,87,68,70,73,74,55,52,35,37,37,81,7,IMPORTADO,2026-01-15T10:00:00Z
wallace-rezende-bezerra,2025,87,76,84,76,90,73,84,83,75,83,70,69,71,62,63,46,45,35,76,2,IMPORTADO,2025-01-15T10:00:00Z
wallace-rezende-bezerra,2026,87,76,84,76,90,73,84,83,75,83,70,69,71,62,63,46,45,35,76,2,IMPORTADO,2026-01-15T10:00:00Z
douglas-pontes-moraes,2025,76,70,78,78,71,71,88,72,66,77,58,76,66,61,55,45,45,38,68,4,IMPORTADO,2025-01-15T10:00:00Z
douglas-pontes-moraes,2026,74,68,76,76,69,69,86,70,64,75,56,74,64,59,53,43,43,36,68,4,IMPORTADO,2026-01-15T10:00:00Z
marcelo-braga-macedo,2025,75,77,73,76,85,69,73,75,74,84,83,74,91,55,52,41,38,40,74,2,IMPORTADO,2025-01-15T10:00:00Z
marcelo-braga-macedo,2026,75,77,73,76,85,69,73,75,74,84,83,74,91,55,52,41,38,40,74,2,IMPORTADO,2026-01-15T10:00:00Z
alisson-azevedo-queiroz,2025,82,76,77,75,72,65,69,57,82,76,86,68,86,48,53,30,29,38,69,5,IMPORTADO,2025-01-15T10:00:00Z
alisson-azevedo-queiroz,2026,80,74,75,73,70,63,67,55,80,74,84,66,84,46,51,28,27,36,69,5,IMPORTADO,2026-01-15T10:00:00Z
murilo-braga-meireles,2025,58,83,63,74,71,59,49,53,70,51,49,63,65,51,47,83,92,81,94,2,IMPORTADO,2025-01-15T10:00:00Z
murilo-braga-meireles,2026,60,85,65,76,73,61,51,55,72,53,51,65,67,53,49,85,94,83,94,2,IMPORTADO,2026-01-15T10:00:00Z
samuel-medeiros-cardoso,2025,64,69,65,73,86,58,53,62,80,52,55,66,73,51,48,85,83,89,87,4,IMPORTADO,2025-01-15T10:00:00Z
samuel-medeiros-cardoso,2026,64,69,65,73,86,58,53,62,80,52,55,66,73,51,48,85,83,89,87,4,IMPORTADO,2026-01-15T10:00:00Z
caio-duarte-dantas,2025,66,71,68,76,83,63,49,52,80,55,65,55,63,61,53,83,86,81,94,4,IMPORTADO,2025-01-15T10:00:00Z
caio-duarte-dantas,2026,68,73,70,78,85,65,51,54,82,57,67,57,65,63,55,85,88,83,94,4,IMPORTADO,2026-01-15T10:00:00Z
nathan-bezerra-marinho,2025,68,81,64,84,63,69,59,67,75,52,82,64,61,76,73,33,28,32,67,2,IMPORTADO,2025-01-15T10:00:00Z
nathan-bezerra-marinho,2026,66,79,62,82,61,67,57,65,73,50,80,62,59,74,71,31,26,30,67,2,IMPORTADO,2026-01-15T10:00:00Z
douglas-tavares-freitas,2025,67,72,64,80,57,73,62,60,72,58,79,54,58,79,82,29,26,35,79,4,IMPORTADO,2025-01-15T10:00:00Z
douglas-tavares-freitas,2026,69,74,66,82,59,75,64,62,74,60,81,56,60,81,84,31,28,37,79,4,IMPORTADO,2026-01-15T10:00:00Z
anderson-rezende-nogueira,2025,70,90,73,78,66,83,63,62,68,56,79,59,70,91,79,40,42,36,75,6,IMPORTADO,2025-01-15T10:00:00Z
anderson-rezende-nogueira,2026,70,90,73,78,66,83,63,62,68,56,79,59,70,91,79,40,42,36,75,6,IMPORTADO,2026-01-15T10:00:00Z
adriano-sampaio-nogueira,2025,55,83,63,73,71,62,56,57,74,52,80,65,63,80,83,39,42,31,79,2,IMPORTADO,2025-01-15T10:00:00Z
adriano-sampaio-nogueira,2026,57,85,65,75,73,64,58,59,76,54,82,67,65,82,85,41,44,33,79,2,IMPORTADO,2026-01-15T10:00:00Z
renan-cunha-medeiros,2025,90,74,83,69,76,74,69,80,79,57,70,66,73,70,75,37,33,32,71,3,IMPORTADO,2025-01-15T10:00:00Z
renan-cunha-medeiros,2026,88,72,81,67,74,72,67,78,77,55,68,64,71,68,73,35,31,30,71,3,IMPORTADO,2026-01-15T10:00:00Z
wesley-furtado-moraes,2025,81,72,76,81,81,79,71,76,76,66,65,74,69,84,76,32,36,48,77,3,IMPORTADO,2025-01-15T10:00:00Z
wesley-furtado-moraes,2026,81,72,76,81,81,79,71,76,76,66,65,74,69,84,76,32,36,48,77,3,IMPORTADO,2026-01-15T10:00:00Z
leandro-azevedo-braga,2025,76,66,83,72,78,74,73,80,70,73,73,74,63,82,72,35,33,41,73,5,IMPORTADO,2025-01-15T10:00:00Z
leandro-azevedo-braga,2026,76,66,83,72,78,74,73,80,70,73,73,74,63,82,72,35,33,41,73,5,IMPORTADO,2026-01-15T10:00:00Z
felipe-dantas-macedo,2025,88,78,77,76,87,73,75,75,70,58,77,72,76,71,80,39,34,43,73,5,IMPORTADO,2025-01-15T10:00:00Z
felipe-dantas-macedo,2026,86,76,75,74,85,71,73,73,68,56,75,70,74,69,78,37,32,41,73,5,IMPORTADO,2026-01-15T10:00:00Z
marcelo-leite-tavares,2025,78,77,82,75,80,77,68,72,79,64,71,83,70,87,80,35,36,33,86,2,IMPORTADO,2025-01-15T10:00:00Z
marcelo-leite-tavares,2026,80,79,84,77,82,79,70,74,81,66,73,85,72,89,82,37,38,35,86,2,IMPORTADO,2026-01-15T10:00:00Z
danilo-albuquerque-peixoto,2025,76,86,80,72,74,76,66,65,81,69,81,72,69,83,91,33,40,36,76,8,IMPORTADO,2025-01-15T10:00:00Z
danilo-albuquerque-peixoto,2026,76,86,80,72,74,76,66,65,81,69,81,72,69,83,91,33,40,36,76,8,IMPORTADO,2026-01-15T10:00:00Z
samuel-siqueira-bezerra,2025,75,68,80,71,71,66,67,59,69,53,73,71,71,74,75,29,33,26,83,5,IMPORTADO,2025-01-15T10:00:00Z
samuel-siqueira-bezerra,2026,77,70,82,73,73,68,69,61,71,55,75,73,73,76,77,31,35,28,83,5,IMPORTADO,2026-01-15T10:00:00Z
felipe-sampaio-rezende,2025,77,64,75,74,81,85,77,83,70,64,61,70,67,67,61,37,43,34,69,8,IMPORTADO,2025-01-15T10:00:00Z
felipe-sampaio-rezende,2026,75,62,73,72,79,83,75,81,68,62,59,68,65,65,59,35,41,32,69,8,IMPORTADO,2026-01-15T10:00:00Z
igor-valadares-magalhaes,2025,71,75,85,64,71,90,85,86,87,69,67,76,72,72,73,34,34,44,74,7,IMPORTADO,2025-01-15T10:00:00Z
igor-valadares-magalhaes,2026,69,73,83,62,69,88,83,84,85,67,65,74,70,70,71,32,32,42,74,7,IMPORTADO,2026-01-15T10:00:00Z
kleber-azevedo-cunha,2025,73,72,74,59,77,78,85,77,83,80,66,73,79,64,57,32,42,34,71,3,IMPORTADO,2025-01-15T10:00:00Z
kleber-azevedo-cunha,2026,71,70,72,57,75,76,83,75,81,78,64,71,77,62,55,30,40,32,71,3,IMPORTADO,2026-01-15T10:00:00Z
leandro-esteves-fonseca,2025,75,72,69,62,79,77,81,71,85,74,60,74,73,58,59,39,41,35,69,8,IMPORTADO,2025-01-15T10:00:00Z
leandro-esteves-fonseca,2026,73,70,67,60,77,75,79,69,83,72,58,72,71,56,57,37,39,33,69,8,IMPORTADO,2026-01-15T10:00:00Z
fabricio-andrade-cavalcanti,2025,78,63,72,70,81,63,84,81,63,79,71,67,70,62,54,29,28,41,85,4,IMPORTADO,2025-01-15T10:00:00Z
fabricio-andrade-cavalcanti,2026,80,65,74,72,83,65,86,83,65,81,73,69,72,64,56,31,30,43,85,4,IMPORTADO,2026-01-15T10:00:00Z
henrique-xavier-cunha,2025,80,77,77,79,85,85,79,82,76,71,74,75,74,55,67,41,33,44,73,4,IMPORTADO,2025-01-15T10:00:00Z
henrique-xavier-cunha,2026,78,75,75,77,83,83,77,80,74,69,72,73,72,53,65,39,31,42,73,4,IMPORTADO,2026-01-15T10:00:00Z
renan-cavalcanti-freitas,2025,75,77,75,73,84,68,79,63,86,91,82,73,78,62,63,32,37,45,83,2,IMPORTADO,2025-01-15T10:00:00Z
renan-cavalcanti-freitas,2026,77,79,77,75,86,70,81,65,88,93,84,75,80,64,65,34,39,47,83,2,IMPORTADO,2026-01-15T10:00:00Z
murilo-albuquerque-freitas,2025,71,75,83,79,83,80,70,64,74,82,82,65,80,61,54,35,36,38,73,2,IMPORTADO,2025-01-15T10:00:00Z
murilo-albuquerque-freitas,2026,71,75,83,79,83,80,70,64,74,82,82,65,80,61,54,35,36,38,73,2,IMPORTADO,2026-01-15T10:00:00Z
gabriel-andrade-braga,2025,50,76,66,72,70,56,56,42,76,44,57,54,63,51,57,82,83,80,93,4,IMPORTADO,2025-01-15T10:00:00Z
gabriel-andrade-braga,2026,52,78,68,74,72,58,58,44,78,46,59,56,65,53,59,84,85,82,93,4,IMPORTADO,2026-01-15T10:00:00Z
fabricio-nogueira-fonseca,2025,60,78,77,73,77,69,55,62,71,49,57,70,67,49,48,83,91,93,94,5,IMPORTADO,2025-01-15T10:00:00Z
fabricio-nogueira-fonseca,2026,60,78,77,73,77,69,55,62,71,49,57,70,67,49,48,83,91,93,94,5,IMPORTADO,2026-01-15T10:00:00Z
wesley-lacerda-queiroz,2025,52,81,69,82,72,64,49,50,82,47,57,56,61,53,48,89,94,93,94,3,IMPORTADO,2025-01-15T10:00:00Z
wesley-lacerda-queiroz,2026,54,83,71,84,74,66,51,52,84,49,59,58,63,55,50,91,94,94,94,3,IMPORTADO,2026-01-15T10:00:00Z
lucas-marinho-magalhaes,2025,74,90,75,83,72,80,53,61,67,49,83,71,59,79,92,45,36,36,82,3,IMPORTADO,2025-01-15T10:00:00Z
lucas-marinho-magalhaes,2026,76,92,77,85,74,82,55,63,69,51,85,73,61,81,94,47,38,38,82,3,IMPORTADO,2026-01-15T10:00:00Z
igor-duarte-vasconcelos,2025,67,79,79,74,73,71,50,59,67,57,84,70,64,89,78,43,42,41,68,6,IMPORTADO,2025-01-15T10:00:00Z
igor-duarte-vasconcelos,2026,65,77,77,72,71,69,48,57,65,55,82,68,62,87,76,41,40,39,68,6,IMPORTADO,2026-01-15T10:00:00Z
leandro-magalhaes-lacerda,2025,70,81,76,76,79,77,64,62,81,64,91,64,74,79,82,41,33,36,78,4,IMPORTADO,2025-01-15T10:00:00Z
leandro-magalhaes-lacerda,2026,70,81,76,76,79,77,64,62,81,64,91,64,74,79,82,41,33,36,78,4,IMPORTADO,2026-01-15T10:00:00Z
caio-esteves-azevedo,2025,65,89,68,79,77,71,55,63,71,60,80,71,60,82,88,35,38,39,82,2,IMPORTADO,2025-01-15T10:00:00Z
caio-esteves-azevedo,2026,67,91,70,81,79,73,57,65,73,62,82,73,62,84,90,37,40,41,82,2,IMPORTADO,2026-01-15T10:00:00Z
danilo-marinho-albuquerque,2025,81,79,79,72,75,76,72,88,76,69,63,74,70,70,77,37,42,33,78,7,IMPORTADO,2025-01-15T10:00:00Z
danilo-marinho-albuquerque,2026,81,79,79,72,75,76,72,88,76,69,63,74,70,70,77,37,42,33,78,7,IMPORTADO,2026-01-15T10:00:00Z
bruno-peixoto-rabelo,2025,85,70,83,78,80,73,82,79,80,57,77,70,76,78,79,42,34,39,87,7,IMPORTADO,2025-01-15T10:00:00Z
bruno-peixoto-rabelo,2026,87,72,85,80,82,75,84,81,82,59,79,72,78,80,81,44,36,41,87,7,IMPORTADO,2026-01-15T10:00:00Z
otavio-cavalcanti-cunha,2025,76,72,87,81,75,85,71,76,73,67,67,68,73,82,72,36,36,37,86,5,IMPORTADO,2025-01-15T10:00:00Z
otavio-cavalcanti-cunha,2026,78,74,89,83,77,87,73,78,75,69,69,70,75,84,74,38,38,39,86,5,IMPORTADO,2026-01-15T10:00:00Z
kleber-valadares-leite,2025,78,78,76,83,76,73,70,88,78,59,77,65,77,81,84,38,32,47,84,4,IMPORTADO,2025-01-15T10:00:00Z
kleber-valadares-leite,2026,80,80,78,85,78,75,72,90,80,61,79,67,79,83,86,40,34,49,84,4,IMPORTADO,2026-01-15T10:00:00Z
kleber-leite-tavares,2025,75,83,73,77,75,85,70,71,72,63,81,81,63,81,86,35,38,37,83,7,IMPORTADO,2025-01-15T10:00:00Z
kleber-leite-tavares,2026,77,85,75,79,77,87,72,73,74,65,83,83,65,83,88,37,40,39,83,7,IMPORTADO,2026-01-15T10:00:00Z
ricardo-macedo-aragao,2025,76,75,84,75,70,72,70,60,71,59,68,64,63,78,71,41,31,30,68,2,IMPORTADO,2025-01-15T10:00:00Z
ricardo-macedo-aragao,2026,74,73,82,73,68,70,68,58,69,57,66,62,61,76,69,39,29,28,68,2,IMPORTADO,2026-01-15T10:00:00Z
igor-tavares-pacheco,2025,69,75,87,74,76,78,65,63,84,73,69,82,63,84,83,47,41,38,75,2,IMPORTADO,2025-01-15T10:00:00Z
igor-tavares-pacheco,2026,69,75,87,74,76,78,65,63,84,73,69,82,63,84,83,47,41,38,75,2,IMPORTADO,2026-01-15T10:00:00Z
rodrigo-correia-rabelo,2025,75,72,68,64,72,76,82,67,67,69,53,75,65,59,73,34,37,27,83,8,IMPORTADO,2025-01-15T10:00:00Z
rodrigo-correia-rabelo,2026,77,74,70,66,74,78,84,69,69,71,55,77,67,61,75,36,39,29,83,8,IMPORTADO,2026-01-15T10:00:00Z
yuri-azevedo-sampaio,2025,66,75,84,71,77,79,88,81,79,63,64,77,81,64,64,48,44,45,78,6,IMPORTADO,2025-01-15T10:00:00Z
yuri-azevedo-sampaio,2026,66,75,84,71,77,79,88,81,79,63,64,77,81,64,64,48,44,45,78,6,IMPORTADO,2026-01-15T10:00:00Z
gabriel-esteves-pontes,2025,78,59,72,58,72,83,78,67,77,74,66,76,69,52,63,27,38,31,83,8,IMPORTADO,2025-01-15T10:00:00Z
gabriel-esteves-pontes,2026,80,61,74,60,74,85,80,69,79,76,68,78,71,54,65,29,40,33,83,8,IMPORTADO,2026-01-15T10:00:00Z
nathan-leite-duarte,2025,79,74,73,71,78,85,85,86,91,75,64,73,75,69,63,33,44,37,80,8,IMPORTADO,2025-01-15T10:00:00Z
nathan-leite-duarte,2026,79,74,73,71,78,85,85,86,91,75,64,73,75,69,63,33,44,37,80,8,IMPORTADO,2026-01-15T10:00:00Z
ricardo-pontes-andrade,2025,71,65,66,69,81,64,77,73,76,74,64,77,65,48,56,35,28,41,81,3,IMPORTADO,2025-01-15T10:00:00Z
ricardo-pontes-andrade,2026,73,67,68,71,83,66,79,75,78,76,66,79,67,50,58,37,30,43,81,3,IMPORTADO,2026-01-15T10:00:00Z
emerson-queiroz-sampaio,2025,80,65,74,79,83,83,79,82,79,85,74,77,70,67,68,40,33,45,76,8,IMPORTADO,2025-01-15T10:00:00Z
emerson-queiroz-sampaio,2026,80,65,74,79,83,83,79,82,79,85,74,77,70,67,68,40,33,45,76,8,IMPORTADO,2026-01-15T10:00:00Z
yuri-valadares-marinho,2025,75,79,69,81,76,80,72,69,84,84,82,66,78,54,54,46,42,35,73,6,IMPORTADO,2025-01-15T10:00:00Z
yuri-valadares-marinho,2026,75,79,69,81,76,80,72,69,84,84,82,66,78,54,54,46,42,35,73,6,IMPORTADO,2026-01-15T10:00:00Z
rodrigo-freitas-albuquerque,2025,71,77,71,75,74,73,85,63,83,89,87,76,86,51,59,47,47,42,83,7,IMPORTADO,2025-01-15T10:00:00Z
rodrigo-freitas-albuquerque,2026,73,79,73,77,76,75,87,65,85,91,89,78,88,53,61,49,49,44,83,7,IMPORTADO,2026-01-15T10:00:00Z
diego-furtado-farias,2025,67,80,71,73,83,70,60,59,82,52,53,58,70,53,56,90,83,85,84,6,IMPORTADO,2025-01-15T10:00:00Z
diego-furtado-farias,2026,65,78,69,71,81,68,58,57,80,50,51,56,68,51,54,88,81,83,84,6,IMPORTADO,2026-01-15T10:00:00Z
emerson-freitas-rabelo,2025,53,67,70,67,67,56,55,47,63,46,56,50,62,47,53,78,74,87,92,7,IMPORTADO,2025-01-15T10:00:00Z
emerson-freitas-rabelo,2026,55,69,72,69,69,58,57,49,65,48,58,52,64,49,55,80,76,89,92,7,IMPORTADO,2026-01-15T10:00:00Z
wallace-nogueira-rabelo,2025,60,70,58,72,77,55,55,45,64,37,51,65,61,52,43,80,85,78,79,6,IMPORTADO,2025-01-15T10:00:00Z
wallace-nogueira-rabelo,2026,58,68,56,70,75,53,53,43,62,35,49,63,59,50,41,78,83,76,79,6,IMPORTADO,2026-01-15T10:00:00Z
kleber-magalhaes-cavalcanti,2025,75,82,71,75,62,68,66,66,82,59,84,64,61,81,76,37,42,31,81,8,IMPORTADO,2025-01-15T10:00:00Z
kleber-magalhaes-cavalcanti,2026,77,84,73,77,64,70,68,68,84,61,86,66,63,83,78,39,44,33,81,8,IMPORTADO,2026-01-15T10:00:00Z
eduardo-pacheco-cunha,2025,74,74,80,75,77,75,52,64,70,52,79,62,66,79,84,34,47,41,73,5,IMPORTADO,2025-01-15T10:00:00Z
eduardo-pacheco-cunha,2026,74,74,80,75,77,75,52,64,70,52,79,62,66,79,84,34,47,41,73,5,IMPORTADO,2026-01-15T10:00:00Z
patrick-nogueira-fonseca,2025,62,82,75,76,69,69,68,60,77,51,88,68,66,91,86,33,44,31,81,7,IMPORTADO,2025-01-15T10:00:00Z
patrick-nogueira-fonseca,2026,64,84,77,78,71,71,70,62,79,53,90,70,68,93,88,35,46,33,81,7,IMPORTADO,2026-01-15T10:00:00Z
ricardo-correia-tavares,2025,56,78,75,75,70,74,61,58,75,42,70,58,61,79,76,31,36,31,81,5,IMPORTADO,2025-01-15T10:00:00Z
ricardo-correia-tavares,2026,58,80,77,77,72,76,63,60,77,44,72,60,63,81,78,33,38,33,81,5,IMPORTADO,2026-01-15T10:00:00Z
lucas-ramalho-siqueira,2025,85,71,89,71,71,72,74,86,74,59,71,76,76,82,75,31,34,39,80,8,IMPORTADO,2025-01-15T10:00:00Z
lucas-ramalho-siqueira,2026,85,71,89,71,71,72,74,86,74,59,71,76,76,82,75,31,34,39,80,8,IMPORTADO,2026-01-15T10:00:00Z
wesley-correia-dantas,2025,86,75,75,67,82,74,80,76,70,66,63,79,61,78,73,37,44,45,77,3,IMPORTADO,2025-01-15T10:00:00Z
wesley-correia-dantas,2026,86,75,75,67,82,74,80,76,70,66,63,79,61,78,73,37,44,45,77,3,IMPORTADO,2026-01-15T10:00:00Z
marcelo-dantas-sampaio,2025,84,74,79,67,76,73,68,79,67,57,63,68,58,62,63,29,38,36,83,3,IMPORTADO,2025-01-15T10:00:00Z
marcelo-dantas-sampaio,2026,86,76,81,69,78,75,70,81,69,59,65,70,60,64,65,31,40,38,83,3,IMPORTADO,2026-01-15T10:00:00Z
gabriel-ramalho-valadares,2025,85,67,75,76,74,81,71,85,67,61,64,64,71,69,80,33,47,38,70,8,IMPORTADO,2025-01-15T10:00:00Z
gabriel-ramalho-valadares,2026,83,65,73,74,72,79,69,83,65,59,62,62,69,67,78,31,45,36,70,8,IMPORTADO,2026-01-15T10:00:00Z
igor-braga-albuquerque,2025,68,72,85,74,77,81,71,75,81,59,75,73,67,77,80,36,33,42,78,4,IMPORTADO,2025-01-15T10:00:00Z
igor-braga-albuquerque,2026,68,72,85,74,77,81,71,75,81,59,75,73,67,77,80,36,33,42,78,4,IMPORTADO,2026-01-15T10:00:00Z
rafael-peixoto-valadares,2025,71,69,67,72,75,64,61,61,67,55,74,60,72,75,80,31,34,25,83,3,IMPORTADO,2025-01-15T10:00:00Z
rafael-peixoto-valadares,2026,73,71,69,74,77,66,63,63,69,57,76,62,74,77,82,33,36,27,83,3,IMPORTADO,2026-01-15T10:00:00Z
otavio-pontes-rezende,2025,77,74,82,67,70,74,73,75,82,64,82,71,75,90,84,38,45,32,80,8,IMPORTADO,2025-01-15T10:00:00Z
otavio-pontes-rezende,2026,77,74,82,67,70,74,73,75,82,64,82,71,75,90,84,38,45,32,80,8,IMPORTADO,2026-01-15T10:00:00Z
gabriel-aragao-esteves,2025,71,74,65,59,65,71,77,67,66,61,61,80,66,57,69,25,39,41,80,3,IMPORTADO,2025-01-15T10:00:00Z
gabriel-aragao-esteves,2026,73,76,67,61,67,73,79,69,68,63,63,82,68,59,71,27,41,43,80,3,IMPORTADO,2026-01-15T10:00:00Z
vinicius-leite-bezerra,2025,58,60,80,59,72,72,77,70,70,58,62,70,74,59,63,35,37,31,80,7,IMPORTADO,2025-01-15T10:00:00Z
vinicius-leite-bezerra,2026,60,62,82,61,74,74,79,72,72,60,64,72,76,61,65,37,39,33,80,7,IMPORTADO,2026-01-15T10:00:00Z
murilo-magalhaes-bezerra,2025,78,72,70,68,86,79,75,85,83,75,61,85,75,59,68,33,39,40,74,5,IMPORTADO,2025-01-15T10:00:00Z
murilo-magalhaes-bezerra,2026,78,72,70,68,86,79,75,85,83,75,61,85,75,59,68,33,39,40,74,5,IMPORTADO,2026-01-15T10:00:00Z
gabriel-xavier-braga,2025,70,68,82,69,84,88,87,85,76,85,62,76,79,70,55,47,43,45,83,8,IMPORTADO,2025-01-15T10:00:00Z
gabriel-xavier-braga,2026,72,70,84,71,86,90,89,87,78,87,64,78,81,72,57,49,45,47,83,8,IMPORTADO,2026-01-15T10:00:00Z
thiago-magalhaes-correia,2025,76,63,77,73,74,71,78,83,75,83,72,77,74,53,61,36,35,34,82,6,IMPORTADO,2025-01-15T10:00:00Z
thiago-magalhaes-correia,2026,78,65,79,75,76,73,80,85,77,85,74,79,76,55,63,38,37,36,82,6,IMPORTADO,2026-01-15T10:00:00Z
italo-dantas-azevedo,2025,80,70,71,71,73,70,87,83,71,73,69,73,75,65,61,42,45,39,72,7,IMPORTADO,2025-01-15T10:00:00Z
italo-dantas-azevedo,2026,80,70,71,71,73,70,87,83,71,73,69,73,75,65,61,42,45,39,72,7,IMPORTADO,2026-01-15T10:00:00Z
caio-aragao-farias,2025,70,81,73,76,66,61,73,65,69,85,85,74,82,53,51,27,39,37,68,4,IMPORTADO,2025-01-15T10:00:00Z
caio-aragao-farias,2026,68,79,71,74,64,59,71,63,67,83,83,72,80,51,49,25,37,35,68,4,IMPORTADO,2026-01-15T10:00:00Z
ricardo-vasconcelos-correia,2025,78,81,74,79,79,71,69,64,72,90,76,78,75,56,59,36,33,37,73,4,IMPORTADO,2025-01-15T10:00:00Z
ricardo-vasconcelos-correia,2026,78,81,74,79,79,71,69,64,72,90,76,78,75,56,59,36,33,37,73,4,IMPORTADO,2026-01-15T10:00:00Z
danilo-freitas-bezerra,2025,50,75,61,72,76,51,43,52,64,47,55,58,61,47,53,88,79,81,80,5,IMPORTADO,2025-01-15T10:00:00Z
danilo-freitas-bezerra,2026,48,73,59,70,74,49,41,50,62,45,53,56,59,45,51,86,77,79,80,5,IMPORTADO,2026-01-15T10:00:00Z
thiago-cardoso-pontes,2025,61,75,68,80,75,61,54,51,65,40,60,60,65,48,50,81,78,78,82,5,IMPORTADO,2025-01-15T10:00:00Z
thiago-cardoso-pontes,2026,61,75,68,80,75,61,54,51,65,40,60,60,65,48,50,81,78,78,82,5,IMPORTADO,2026-01-15T10:00:00Z
wallace-cunha-tavares,2025,59,65,59,62,79,62,53,51,65,35,57,57,55,45,48,84,80,72,76,6,IMPORTADO,2025-01-15T10:00:00Z
wallace-cunha-tavares,2026,57,63,57,60,77,60,51,49,63,33,55,55,53,43,46,82,78,70,76,6,IMPORTADO,2026-01-15T10:00:00Z
leandro-lacerda-cardoso,2025,73,88,64,78,60,72,61,55,68,57,79,59,66,84,85,43,33,32,78,5,IMPORTADO,2025-01-15T10:00:00Z
leandro-lacerda-cardoso,2026,75,90,66,80,62,74,63,57,70,59,81,61,68,86,87,45,35,34,78,5,IMPORTADO,2026-01-15T10:00:00Z
ricardo-moraes-pontes,2025,72,82,75,72,63,71,61,56,73,55,83,66,65,75,81,42,44,32,81,8,IMPORTADO,2025-01-15T10:00:00Z
ricardo-moraes-pontes,2026,74,84,77,74,65,73,63,58,75,57,85,68,67,77,83,44,46,34,81,8,IMPORTADO,2026-01-15T10:00:00Z
kleber-pacheco-azevedo,2025,59,84,76,86,69,68,64,56,70,53,78,68,64,87,85,34,29,38,71,4,IMPORTADO,2025-01-15T10:00:00Z
kleber-pacheco-azevedo,2026,59,84,76,86,69,68,64,56,70,53,78,68,64,87,85,34,29,38,71,4,IMPORTADO,2026-01-15T10:00:00Z
samuel-peixoto-azevedo,2025,58,70,65,76,56,60,60,60,61,48,79,60,59,80,72,29,25,30,78,3,IMPORTADO,2025-01-15T10:00:00Z
samuel-peixoto-azevedo,2026,60,72,67,78,58,62,62,62,63,50,81,62,61,82,74,31,27,32,78,3,IMPORTADO,2026-01-15T10:00:00Z
otavio-bezerra-pacheco,2025,80,60,68,59,62,74,74,70,61,59,61,62,64,74,73,24,36,26,79,6,IMPORTADO,2025-01-15T10:00:00Z
otavio-bezerra-pacheco,2026,82,62,70,61,64,76,76,72,63,61,63,64,66,76,75,26,38,28,79,6,IMPORTADO,2026-01-15T10:00:00Z
nathan-macedo-farias,2025,86,78,78,75,72,73,79,76,66,64,73,73,68,78,69,30,43,30,77,8,IMPORTADO,2025-01-15T10:00:00Z
nathan-macedo-farias,2026,86,78,78,75,72,73,79,76,66,64,73,73,68,78,69,30,43,30,77,8,IMPORTADO,2026-01-15T10:00:00Z
mateus-peixoto-pacheco,2025,74,67,87,74,80,68,76,83,67,62,60,66,65,67,77,29,31,32,81,3,IMPORTADO,2025-01-15T10:00:00Z
mateus-peixoto-pacheco,2026,76,69,89,76,82,70,78,85,69,64,62,68,67,69,79,31,33,34,81,3,IMPORTADO,2026-01-15T10:00:00Z
rafael-rezende-fonseca,2025,81,67,79,78,82,76,80,74,77,60,60,72,63,70,79,42,29,32,71,3,IMPORTADO,2025-01-15T10:00:00Z
rafael-rezende-fonseca,2026,79,65,77,76,80,74,78,72,75,58,58,70,61,68,77,40,27,30,71,3,IMPORTADO,2026-01-15T10:00:00Z
leandro-lacerda-valadares,2025,69,81,82,64,77,73,76,70,74,55,77,74,76,88,81,40,29,34,75,7,IMPORTADO,2025-01-15T10:00:00Z
leandro-lacerda-valadares,2026,69,81,82,64,77,73,76,70,74,55,77,74,76,88,81,40,29,34,75,7,IMPORTADO,2026-01-15T10:00:00Z
leandro-vasconcelos-bezerra,2025,73,71,70,77,65,77,76,68,68,57,69,70,63,75,86,39,33,37,81,6,IMPORTADO,2025-01-15T10:00:00Z
leandro-vasconcelos-bezerra,2026,75,73,72,79,67,79,78,70,70,59,71,72,65,77,88,41,35,39,81,6,IMPORTADO,2026-01-15T10:00:00Z
rodrigo-bezerra-meireles,2025,59,63,66,68,72,71,54,58,75,54,59,65,55,68,70,39,31,39,78,5,IMPORTADO,2025-01-15T10:00:00Z
rodrigo-bezerra-meireles,2026,61,65,68,70,74,73,56,60,77,56,61,67,57,70,72,41,33,41,78,5,IMPORTADO,2026-01-15T10:00:00Z
emerson-marinho-leite,2025,77,71,68,76,75,84,82,84,80,74,57,80,79,60,76,31,36,44,74,8,IMPORTADO,2025-01-15T10:00:00Z
emerson-marinho-leite,2026,77,71,68,76,75,84,82,84,80,74,57,80,79,60,76,31,36,44,74,8,IMPORTADO,2026-01-15T10:00:00Z
caio-meireles-guimaraes,2025,65,64,66,57,72,70,66,77,69,61,58,77,65,62,68,36,37,33,80,5,IMPORTADO,2025-01-15T10:00:00Z
caio-meireles-guimaraes,2026,67,66,68,59,74,72,68,79,71,63,60,79,67,64,70,38,39,35,80,5,IMPORTADO,2026-01-15T10:00:00Z
henrique-sampaio-correia,2025,66,61,65,58,78,68,77,77,81,64,60,70,72,58,49,37,37,32,64,3,IMPORTADO,2025-01-15T10:00:00Z
henrique-sampaio-correia,2026,64,59,63,56,76,66,75,75,79,62,58,68,70,56,47,35,35,30,64,3,IMPORTADO,2026-01-15T10:00:00Z
lucas-cardoso-meireles,2025,78,64,77,67,74,76,88,72,73,81,73,86,68,61,61,31,42,39,73,5,IMPORTADO,2025-01-15T10:00:00Z
lucas-cardoso-meireles,2026,78,64,77,67,74,76,88,72,73,81,73,86,68,61,61,31,42,39,73,5,IMPORTADO,2026-01-15T10:00:00Z
rodrigo-leite-furtado,2025,82,60,68,66,78,63,82,67,76,66,52,63,59,44,54,25,28,32,80,3,IMPORTADO,2025-01-15T10:00:00Z
rodrigo-leite-furtado,2026,84,62,70,68,80,65,84,69,78,68,54,65,61,46,56,27,30,34,80,3,IMPORTADO,2026-01-15T10:00:00Z
italo-cunha-azevedo,2025,80,70,81,74,77,77,79,81,66,81,73,74,69,60,57,34,29,29,71,7,IMPORTADO,2025-01-15T10:00:00Z
italo-cunha-azevedo,2026,78,68,79,72,75,75,77,79,64,79,71,72,67,58,55,32,27,27,71,7,IMPORTADO,2026-01-15T10:00:00Z
rafael-azevedo-duarte,2025,62,76,72,66,66,71,68,53,67,73,78,61,71,58,42,31,24,26,80,4,IMPORTADO,2025-01-15T10:00:00Z
rafael-azevedo-duarte,2026,64,78,74,68,68,73,70,55,69,75,80,63,73,60,44,33,26,28,80,4,IMPORTADO,2026-01-15T10:00:00Z
gabriel-vasconcelos-cunha,2025,68,71,66,72,62,72,64,53,72,78,71,64,76,58,54,23,38,27,78,5,IMPORTADO,2025-01-15T10:00:00Z
gabriel-vasconcelos-cunha,2026,70,73,68,74,64,74,66,55,74,80,73,66,78,60,56,25,40,29,78,5,IMPORTADO,2026-01-15T10:00:00Z
eduardo-queiroz-fonseca,2025,64,72,72,79,75,61,60,52,75,48,46,52,62,54,56,81,81,76,79,7,IMPORTADO,2025-01-15T10:00:00Z
eduardo-queiroz-fonseca,2026,64,72,72,79,75,61,60,52,75,48,46,52,62,54,56,81,81,76,79,7,IMPORTADO,2026-01-15T10:00:00Z
nathan-siqueira-leite,2025,52,62,65,61,73,65,53,46,70,45,49,51,58,42,41,85,79,87,81,3,IMPORTADO,2025-01-15T10:00:00Z
nathan-siqueira-leite,2026,50,60,63,59,71,63,51,44,68,43,47,49,56,40,39,83,77,85,81,3,IMPORTADO,2026-01-15T10:00:00Z
leandro-queiroz-aragao,2025,52,64,73,70,68,65,51,53,77,42,48,54,59,57,58,93,78,89,89,7,IMPORTADO,2025-01-15T10:00:00Z
leandro-queiroz-aragao,2026,52,64,73,70,68,65,51,53,77,42,48,54,59,57,58,93,78,89,89,7,IMPORTADO,2026-01-15T10:00:00Z
yuri-nogueira-correia,2025,67,74,67,76,67,63,54,48,62,46,84,66,65,74,83,34,30,30,64,6,IMPORTADO,2025-01-15T10:00:00Z
yuri-nogueira-correia,2026,65,72,65,74,65,61,52,46,60,44,82,64,63,72,81,32,28,28,64,6,IMPORTADO,2026-01-15T10:00:00Z
vinicius-guimaraes-farias,2025,58,87,77,81,64,78,61,56,72,57,82,66,62,79,83,31,42,38,70,5,IMPORTADO,2025-01-15T10:00:00Z
vinicius-guimaraes-farias,2026,58,87,77,81,64,78,61,56,72,57,82,66,62,79,83,31,42,38,70,5,IMPORTADO,2026-01-15T10:00:00Z
ricardo-cunha-albuquerque,2025,73,76,77,79,65,65,56,57,69,46,80,60,55,78,88,41,43,36,68,7,IMPORTADO,2025-01-15T10:00:00Z
ricardo-cunha-albuquerque,2026,73,76,77,79,65,65,56,57,69,46,80,60,55,78,88,41,43,36,68,7,IMPORTADO,2026-01-15T10:00:00Z
igor-meireles-vasconcelos,2025,72,79,71,85,62,79,53,60,71,47,79,58,55,83,79,44,35,30,72,3,IMPORTADO,2025-01-15T10:00:00Z
igor-meireles-vasconcelos,2026,72,79,71,85,62,79,53,60,71,47,79,58,55,83,79,44,35,30,72,3,IMPORTADO,2026-01-15T10:00:00Z
diego-lacerda-sampaio,2025,86,76,84,65,72,65,73,74,74,57,66,77,63,65,69,43,40,30,80,6,IMPORTADO,2025-01-15T10:00:00Z
diego-lacerda-sampaio,2026,88,78,86,67,74,67,75,76,76,59,68,79,65,67,71,45,42,32,80,6,IMPORTADO,2026-01-15T10:00:00Z
ricardo-nogueira-guimaraes,2025,75,71,75,76,76,79,79,81,73,69,59,70,65,76,68,33,37,42,83,8,IMPORTADO,2025-01-15T10:00:00Z
ricardo-nogueira-guimaraes,2026,77,73,77,78,78,81,81,83,75,71,61,72,67,78,70,35,39,44,83,8,IMPORTADO,2026-01-15T10:00:00Z
nathan-freitas-fonseca,2025,73,58,76,69,76,75,65,75,61,55,63,66,60,59,69,27,31,38,78,5,IMPORTADO,2025-01-15T10:00:00Z
nathan-freitas-fonseca,2026,75,60,78,71,78,77,67,77,63,57,65,68,62,61,71,29,33,40,78,5,IMPORTADO,2026-01-15T10:00:00Z
anderson-rabelo-correia,2025,75,57,72,62,68,61,63,75,68,64,55,57,55,70,70,32,34,24,62,6,IMPORTADO,2025-01-15T10:00:00Z
anderson-rabelo-correia,2026,73,55,70,60,66,59,61,73,66,62,53,55,53,68,68,30,32,22,62,6,IMPORTADO,2026-01-15T10:00:00Z
murilo-freitas-pacheco,2025,61,79,69,74,69,80,70,74,70,55,63,74,65,86,81,31,34,42,80,7,IMPORTADO,2025-01-15T10:00:00Z
murilo-freitas-pacheco,2026,63,81,71,76,71,82,72,76,72,57,65,76,67,88,83,33,36,44,80,7,IMPORTADO,2026-01-15T10:00:00Z
wallace-bezerra-ramalho,2025,64,81,79,76,70,69,61,61,73,65,68,63,59,84,82,31,43,36,70,5,IMPORTADO,2025-01-15T10:00:00Z
wallace-bezerra-ramalho,2026,64,81,79,76,70,69,61,61,73,65,68,63,59,84,82,31,43,36,70,5,IMPORTADO,2026-01-15T10:00:00Z
felipe-rabelo-farias,2025,73,75,84,74,73,71,71,59,67,59,75,72,63,86,82,41,42,31,76,8,IMPORTADO,2025-01-15T10:00:00Z
felipe-rabelo-farias,2026,73,75,84,74,73,71,71,59,67,59,75,72,63,86,82,41,42,31,76,8,IMPORTADO,2026-01-15T10:00:00Z
wesley-cunha-ramalho,2025,62,76,67,70,77,83,70,82,74,71,57,76,75,65,73,43,33,43,82,2,IMPORTADO,2025-01-15T10:00:00Z
wesley-cunha-ramalho,2026,64,78,69,72,79,85,72,84,76,73,59,78,77,67,75,45,35,45,82,2,IMPORTADO,2026-01-15T10:00:00Z
diego-xavier-tavares,2025,66,62,77,54,69,80,67,70,76,56,49,66,63,63,61,23,28,37,79,7,IMPORTADO,2025-01-15T10:00:00Z
diego-xavier-tavares,2026,68,64,79,56,71,82,69,72,78,58,51,68,65,65,63,25,30,39,79,7,IMPORTADO,2026-01-15T10:00:00Z
igor-marinho-freitas,2025,72,68,68,60,76,80,74,76,67,77,53,72,71,55,60,36,32,30,66,8,IMPORTADO,2025-01-15T10:00:00Z
igor-marinho-freitas,2026,70,66,66,58,74,78,72,74,65,75,51,70,69,53,58,34,30,28,66,8,IMPORTADO,2026-01-15T10:00:00Z
emerson-pontes-braga,2025,74,65,73,57,69,71,75,67,80,63,53,75,75,59,54,30,26,31,79,7,IMPORTADO,2025-01-15T10:00:00Z
emerson-pontes-braga,2026,76,67,75,59,71,73,77,69,82,65,55,77,77,61,56,32,28,33,79,7,IMPORTADO,2026-01-15T10:00:00Z
leandro-dantas-meireles,2025,75,66,78,64,65,73,70,70,61,71,60,61,64,53,48,31,31,26,63,4,IMPORTADO,2025-01-15T10:00:00Z
leandro-dantas-meireles,2026,73,64,76,62,63,71,68,68,59,69,58,59,62,51,46,29,29,24,63,4,IMPORTADO,2026-01-15T10:00:00Z
renan-bezerra-aragao,2025,75,61,79,66,75,75,83,72,71,72,71,64,68,58,52,44,32,44,74,3,IMPORTADO,2025-01-15T10:00:00Z
renan-bezerra-aragao,2026,75,61,79,66,75,75,83,72,71,72,71,64,68,58,52,44,32,44,74,3,IMPORTADO,2026-01-15T10:00:00Z
rafael-lacerda-cavalcanti,2025,75,61,67,74,67,71,75,50,72,85,68,61,81,46,50,36,32,38,79,8,IMPORTADO,2025-01-15T10:00:00Z
rafael-lacerda-cavalcanti,2026,77,63,69,76,69,73,77,52,74,87,70,63,83,48,52,38,34,40,79,8,IMPORTADO,2026-01-15T10:00:00Z
otavio-vasconcelos-ramalho,2025,66,74,69,63,73,69,65,62,72,78,69,57,75,46,53,32,26,37,81,6,IMPORTADO,2025-01-15T10:00:00Z
otavio-vasconcelos-ramalho,2026,68,76,71,65,75,71,67,64,74,80,71,59,77,48,55,34,28,39,81,6,IMPORTADO,2026-01-15T10:00:00Z
italo-vasconcelos-valadares,2025,44,66,55,73,63,60,45,39,64,32,40,53,65,40,51,84,73,69,88,6,IMPORTADO,2025-01-15T10:00:00Z
italo-vasconcelos-valadares,2026,46,68,57,75,65,62,47,41,66,34,42,55,67,42,53,86,75,71,88,6,IMPORTADO,2026-01-15T10:00:00Z
douglas-bezerra-esteves,2025,51,64,72,80,75,60,45,59,64,41,59,58,60,47,45,81,82,90,84,6,IMPORTADO,2025-01-15T10:00:00Z
douglas-bezerra-esteves,2026,51,64,72,80,75,60,45,59,64,41,59,58,60,47,45,81,82,90,84,6,IMPORTADO,2026-01-15T10:00:00Z
wallace-lacerda-aragao,2025,49,75,68,79,79,55,60,53,65,44,59,58,71,51,51,82,91,90,94,5,IMPORTADO,2025-01-15T10:00:00Z
wallace-lacerda-aragao,2026,51,77,70,81,81,57,62,55,67,46,61,60,73,53,53,84,93,92,94,5,IMPORTADO,2026-01-15T10:00:00Z
lucas-furtado-pontes,2025,71,82,70,72,65,72,55,52,74,59,82,58,66,82,79,39,42,39,78,6,IMPORTADO,2025-01-15T10:00:00Z
lucas-furtado-pontes,2026,73,84,72,74,67,74,57,54,76,61,84,60,68,84,81,41,44,41,78,6,IMPORTADO,2026-01-15T10:00:00Z
felipe-fonseca-leite,2025,56,70,64,78,69,68,52,60,71,45,74,64,58,70,74,33,40,36,62,7,IMPORTADO,2025-01-15T10:00:00Z
felipe-fonseca-leite,2026,54,68,62,76,67,66,50,58,69,43,72,62,56,68,72,31,38,34,62,7,IMPORTADO,2026-01-15T10:00:00Z
wesley-cunha-rezende,2025,66,71,67,76,72,75,56,56,70,50,80,58,56,78,87,38,40,34,67,7,IMPORTADO,2025-01-15T10:00:00Z
wesley-cunha-rezende,2026,66,71,67,76,72,75,56,56,70,50,80,58,56,78,87,38,40,34,67,7,IMPORTADO,2026-01-15T10:00:00Z
wesley-meireles-siqueira,2025,57,72,66,71,73,64,59,60,72,61,73,59,65,83,82,36,38,33,70,5,IMPORTADO,2025-01-15T10:00:00Z
wesley-meireles-siqueira,2026,57,72,66,71,73,64,59,60,72,61,73,59,65,83,82,36,38,33,70,5,IMPORTADO,2026-01-15T10:00:00Z
felipe-peixoto-duarte,2025,73,61,76,63,66,67,61,69,71,59,52,62,60,64,64,32,30,26,76,7,IMPORTADO,2025-01-15T10:00:00Z
felipe-peixoto-duarte,2026,75,63,78,65,68,69,63,71,73,61,54,64,62,66,66,34,32,28,76,7,IMPORTADO,2026-01-15T10:00:00Z
murilo-valadares-furtado,2025,79,77,79,68,76,70,79,78,75,67,64,64,71,81,74,37,35,34,74,8,IMPORTADO,2025-01-15T10:00:00Z
murilo-valadares-furtado,2026,79,77,79,68,76,70,79,78,75,67,64,64,71,81,74,37,35,34,74,8,IMPORTADO,2026-01-15T10:00:00Z
henrique-medeiros-ramalho,2025,71,70,83,73,77,81,77,84,65,65,70,69,61,73,81,38,42,28,82,7,IMPORTADO,2025-01-15T10:00:00Z
henrique-medeiros-ramalho,2026,73,72,85,75,79,83,79,86,67,67,72,71,63,75,83,40,44,30,82,7,IMPORTADO,2026-01-15T10:00:00Z
patrick-vasconcelos-pontes,2025,77,62,73,68,80,76,68,83,62,64,68,63,72,78,65,32,37,40,78,4,IMPORTADO,2025-01-15T10:00:00Z
patrick-vasconcelos-pontes,2026,79,64,75,70,82,78,70,85,64,66,70,65,74,80,67,34,39,42,78,4,IMPORTADO,2026-01-15T10:00:00Z
bruno-rezende-freitas,2025,61,76,69,68,75,67,60,67,69,68,76,77,62,78,74,36,37,34,69,5,IMPORTADO,2025-01-15T10:00:00Z
bruno-rezende-freitas,2026,61,76,69,68,75,67,60,67,69,68,76,77,62,78,74,36,37,34,69,5,IMPORTADO,2026-01-15T10:00:00Z
leandro-siqueira-xavier,2025,63,70,67,73,69,79,71,71,61,49,71,63,67,76,70,27,37,24,66,8,IMPORTADO,2025-01-15T10:00:00Z
leandro-siqueira-xavier,2026,61,68,65,71,67,77,69,69,59,47,69,61,65,74,68,25,35,22,66,8,IMPORTADO,2026-01-15T10:00:00Z
gabriel-fonseca-ramalho,2025,68,74,78,77,64,82,70,70,73,60,76,75,72,74,76,31,33,41,72,2,IMPORTADO,2025-01-15T10:00:00Z
gabriel-fonseca-ramalho,2026,68,74,78,77,64,82,70,70,73,60,76,75,72,74,76,31,33,41,72,2,IMPORTADO,2026-01-15T10:00:00Z
samuel-peixoto-rabelo,2025,66,69,73,69,72,73,72,81,83,64,67,74,75,59,74,44,30,39,69,2,IMPORTADO,2025-01-15T10:00:00Z
samuel-peixoto-rabelo,2026,64,67,71,67,70,71,70,79,81,62,65,72,73,57,72,42,28,37,69,2,IMPORTADO,2026-01-15T10:00:00Z
yuri-albuquerque-ramalho,2025,63,76,83,67,71,82,73,79,79,67,70,79,74,65,70,30,42,29,84,8,IMPORTADO,2025-01-15T10:00:00Z
yuri-albuquerque-ramalho,2026,65,78,85,69,73,84,75,81,81,69,72,81,76,67,72,32,44,31,84,8,IMPORTADO,2026-01-15T10:00:00Z
felipe-albuquerque-correia,2025,71,66,65,71,80,80,81,71,73,80,67,72,68,61,51,31,40,41,81,3,IMPORTADO,2025-01-15T10:00:00Z
felipe-albuquerque-correia,2026,73,68,67,73,82,82,83,73,75,82,69,74,70,63,53,33,42,43,81,3,IMPORTADO,2026-01-15T10:00:00Z
rodrigo-magalhaes-moraes,2025,73,75,72,59,83,77,76,83,71,81,63,73,69,53,54,36,28,28,70,2,IMPORTADO,2025-01-15T10:00:00Z
rodrigo-magalhaes-moraes,2026,73,75,72,59,83,77,76,83,71,81,63,73,69,53,54,36,28,28,70,2,IMPORTADO,2026-01-15T10:00:00Z
igor-rezende-freitas,2025,70,54,64,66,67,61,79,66,75,73,56,61,64,59,56,37,32,34,79,8,IMPORTADO,2025-01-15T10:00:00Z
igor-rezende-freitas,2026,72,56,66,68,69,63,81,68,77,75,58,63,66,61,58,39,34,36,79,8,IMPORTADO,2026-01-15T10:00:00Z
mateus-braga-nogueira,2025,76,65,75,69,70,76,71,72,77,67,58,72,68,49,46,34,30,38,65,6,IMPORTADO,2025-01-15T10:00:00Z
mateus-braga-nogueira,2026,74,63,73,67,68,74,69,70,75,65,56,70,66,47,44,32,28,36,65,6,IMPORTADO,2026-01-15T10:00:00Z
lucas-xavier-esteves,2025,83,68,68,73,75,76,71,61,72,81,75,76,76,56,51,30,31,41,70,5,IMPORTADO,2025-01-15T10:00:00Z
lucas-xavier-esteves,2026,83,68,68,73,75,76,71,61,72,81,75,76,76,56,51,30,31,41,70,5,IMPORTADO,2026-01-15T10:00:00Z
adriano-cardoso-cunha,2025,77,78,78,74,74,73,81,67,83,76,73,74,85,61,60,38,43,35,85,6,IMPORTADO,2025-01-15T10:00:00Z
adriano-cardoso-cunha,2026,79,80,80,76,76,75,83,69,85,78,75,76,87,63,62,40,45,37,85,6,IMPORTADO,2026-01-15T10:00:00Z
caio-cardoso-freitas,2025,41,68,62,61,74,53,44,43,57,46,50,46,60,37,52,71,82,73,88,7,IMPORTADO,2025-01-15T10:00:00Z
caio-cardoso-freitas,2026,43,70,64,63,76,55,46,45,59,48,52,48,62,39,54,73,84,75,88,7,IMPORTADO,2026-01-15T10:00:00Z
thiago-ramalho-pacheco,2025,62,65,70,68,72,61,51,51,69,44,52,57,57,44,50,84,76,87,80,4,IMPORTADO,2025-01-15T10:00:00Z
thiago-ramalho-pacheco,2026,60,63,68,66,70,59,49,49,67,42,50,55,55,42,48,82,74,85,80,4,IMPORTADO,2026-01-15T10:00:00Z
yuri-aragao-moraes,2025,48,61,66,63,76,52,40,46,73,44,45,52,57,51,40,73,85,81,77,3,IMPORTADO,2025-01-15T10:00:00Z
yuri-aragao-moraes,2026,46,59,64,61,74,50,38,44,71,42,43,50,55,49,38,71,83,79,77,3,IMPORTADO,2026-01-15T10:00:00Z
eduardo-magalhaes-guimaraes,2025,59,73,65,70,64,71,64,65,69,50,76,60,66,72,73,41,28,27,68,8,IMPORTADO,2025-01-15T10:00:00Z
eduardo-magalhaes-guimaraes,2026,59,73,65,70,64,71,64,65,69,50,76,60,66,72,73,41,28,27,68,8,IMPORTADO,2026-01-15T10:00:00Z
thiago-rabelo-tavares,2025,60,73,66,73,73,62,64,51,65,44,85,63,60,87,79,37,27,37,71,5,IMPORTADO,2025-01-15T10:00:00Z
thiago-rabelo-tavares,2026,60,73,66,73,73,62,64,51,65,44,85,63,60,87,79,37,27,37,71,5,IMPORTADO,2026-01-15T10:00:00Z
ricardo-farias-marinho,2025,66,66,72,69,69,69,48,56,58,47,72,61,64,75,77,38,35,32,62,7,IMPORTADO,2025-01-15T10:00:00Z
ricardo-farias-marinho,2026,64,64,70,67,67,67,46,54,56,45,70,59,62,73,75,36,33,30,62,7,IMPORTADO,2026-01-15T10:00:00Z
fabricio-esteves-queiroz,2025,67,72,68,82,65,70,48,66,66,45,83,69,64,79,86,32,35,27,76,7,IMPORTADO,2025-01-15T10:00:00Z
fabricio-esteves-queiroz,2026,69,74,70,84,67,72,50,68,68,47,85,71,66,81,88,34,37,29,76,7,IMPORTADO,2026-01-15T10:00:00Z
lucas-medeiros-dantas,2025,81,67,67,58,68,67,65,79,60,50,65,59,66,61,72,33,24,28,63,8,IMPORTADO,2025-01-15T10:00:00Z
lucas-medeiros-dantas,2026,79,65,65,56,66,65,63,77,58,48,63,57,64,59,70,31,22,26,63,8,IMPORTADO,2026-01-15T10:00:00Z
caio-medeiros-lacerda,2025,73,65,70,60,73,68,67,78,58,49,68,67,58,74,61,26,39,29,63,5,IMPORTADO,2025-01-15T10:00:00Z
caio-medeiros-lacerda,2026,71,63,68,58,71,66,65,76,56,47,66,65,56,72,59,24,37,27,63,5,IMPORTADO,2026-01-15T10:00:00Z
leandro-lacerda-dantas,2025,84,68,72,65,72,69,73,85,73,66,68,74,65,64,65,35,35,38,81,8,IMPORTADO,2025-01-15T10:00:00Z
leandro-lacerda-dantas,2026,86,70,74,67,74,71,75,87,75,68,70,76,67,66,67,37,37,40,81,8,IMPORTADO,2026-01-15T10:00:00Z
lucas-valadares-peixoto,2025,80,62,71,69,82,77,80,70,61,65,72,61,58,79,73,43,41,39,80,5,IMPORTADO,2025-01-15T10:00:00Z
lucas-valadares-peixoto,2026,82,64,73,71,84,79,82,72,63,67,74,63,60,81,75,45,43,41,80,5,IMPORTADO,2026-01-15T10:00:00Z
gustavo-marinho-aragao,2025,62,63,67,69,65,74,55,52,60,50,65,64,61,78,65,21,24,23,75,3,IMPORTADO,2025-01-15T10:00:00Z
gustavo-marinho-aragao,2026,64,65,69,71,67,76,57,54,62,52,67,66,63,80,67,23,26,25,75,3,IMPORTADO,2026-01-15T10:00:00Z
anderson-braga-correia,2025,61,77,79,77,70,66,61,59,76,52,62,77,69,83,82,37,30,43,72,6,IMPORTADO,2025-01-15T10:00:00Z
anderson-braga-correia,2026,61,77,79,77,70,66,61,59,76,52,62,77,69,83,82,37,30,43,72,6,IMPORTADO,2026-01-15T10:00:00Z
adriano-cunha-tavares,2025,63,62,64,65,70,73,66,56,64,63,70,66,57,77,75,36,38,30,64,3,IMPORTADO,2025-01-15T10:00:00Z
adriano-cunha-tavares,2026,61,60,62,63,68,71,64,54,62,61,68,64,55,75,73,34,36,28,64,3,IMPORTADO,2026-01-15T10:00:00Z
wallace-fonseca-meireles,2025,74,72,74,68,75,76,84,74,71,57,67,69,69,74,69,39,28,36,75,3,IMPORTADO,2025-01-15T10:00:00Z
wallace-fonseca-meireles,2026,74,72,74,68,75,76,84,74,71,57,67,69,69,74,69,39,28,36,75,3,IMPORTADO,2026-01-15T10:00:00Z
italo-correia-magalhaes,2025,65,68,78,58,73,79,78,76,84,63,68,69,72,60,74,40,35,32,72,7,IMPORTADO,2025-01-15T10:00:00Z
italo-correia-magalhaes,2026,65,68,78,58,73,79,78,76,84,63,68,69,72,60,74,40,35,32,72,7,IMPORTADO,2026-01-15T10:00:00Z
fabricio-rabelo-esteves,2025,66,74,77,74,73,72,80,75,75,78,72,76,76,59,60,29,43,33,74,8,IMPORTADO,2025-01-15T10:00:00Z
fabricio-rabelo-esteves,2026,66,74,77,74,73,72,80,75,75,78,72,76,76,59,60,29,43,33,74,8,IMPORTADO,2026-01-15T10:00:00Z
samuel-moraes-albuquerque,2025,74,65,66,62,64,72,67,76,70,63,53,71,68,45,47,27,26,37,78,5,IMPORTADO,2025-01-15T10:00:00Z
samuel-moraes-albuquerque,2026,76,67,68,64,66,74,69,78,72,65,55,73,70,47,49,29,28,39,78,5,IMPORTADO,2026-01-15T10:00:00Z
anderson-pontes-xavier,2025,88,65,80,61,70,79,73,70,73,77,63,67,72,56,52,38,41,37,69,4,IMPORTADO,2025-01-15T10:00:00Z
anderson-pontes-xavier,2026,88,65,80,61,70,79,73,70,73,77,63,67,72,56,52,38,41,37,69,4,IMPORTADO,2026-01-15T10:00:00Z
gustavo-braga-rezende,2025,74,69,74,60,78,73,88,80,73,76,62,74,75,48,57,39,33,35,74,4,IMPORTADO,2025-01-15T10:00:00Z
gustavo-braga-rezende,2026,74,69,74,60,78,73,88,80,73,76,62,74,75,48,57,39,33,35,74,4,IMPORTADO,2026-01-15T10:00:00Z
felipe-magalhaes-pontes,2025,65,65,63,74,62,67,61,52,78,78,76,63,69,53,43,27,27,23,79,4,IMPORTADO,2025-01-15T10:00:00Z
felipe-magalhaes-pontes,2026,67,67,65,76,64,69,63,54,80,80,78,65,71,55,45,29,29,25,79,4,IMPORTADO,2026-01-15T10:00:00Z
kleber-tavares-vasconcelos,2025,68,70,60,67,72,70,63,48,72,76,69,66,74,55,51,22,22,25,77,5,IMPORTADO,2025-01-15T10:00:00Z
kleber-tavares-vasconcelos,2026,70,72,62,69,74,72,65,50,74,78,71,68,76,57,53,24,24,27,77,5,IMPORTADO,2026-01-15T10:00:00Z
anderson-tavares-cunha,2025,47,64,56,63,76,57,47,50,69,52,43,54,53,50,54,83,77,84,79,4,IMPORTADO,2025-01-15T10:00:00Z
anderson-tavares-cunha,2026,45,62,54,61,74,55,45,48,67,50,41,52,51,48,52,81,75,82,79,4,IMPORTADO,2026-01-15T10:00:00Z
caio-queiroz-pacheco,2025,57,67,54,64,61,60,40,40,68,34,40,61,58,51,44,74,82,73,74,3,IMPORTADO,2025-01-15T10:00:00Z
caio-queiroz-pacheco,2026,55,65,52,62,59,58,38,38,66,32,38,59,56,49,42,72,80,71,74,3,IMPORTADO,2026-01-15T10:00:00Z
diego-vasconcelos-sampaio,2025,40,60,52,61,70,53,37,48,60,33,48,55,53,39,51,77,75,79,91,5,IMPORTADO,2025-01-15T10:00:00Z
diego-vasconcelos-sampaio,2026,42,62,54,63,72,55,39,50,62,35,50,57,55,41,53,79,77,81,91,5,IMPORTADO,2026-01-15T10:00:00Z
marcelo-cunha-fonseca,2025,55,76,59,75,61,66,52,51,69,39,82,50,55,68,70,34,27,23,59,2,IMPORTADO,2025-01-15T10:00:00Z
marcelo-cunha-fonseca,2026,53,74,57,73,59,64,50,49,67,37,80,48,53,66,68,32,25,21,59,2,IMPORTADO,2026-01-15T10:00:00Z
gabriel-magalhaes-cardoso,2025,67,83,74,69,63,71,55,56,64,59,82,68,55,80,80,28,40,37,76,2,IMPORTADO,2025-01-15T10:00:00Z
gabriel-magalhaes-cardoso,2026,69,85,76,71,65,73,57,58,66,61,84,70,57,82,82,30,42,39,76,2,IMPORTADO,2026-01-15T10:00:00Z
henrique-braga-siqueira,2025,61,65,69,69,59,63,52,58,60,45,74,50,63,67,73,33,36,27,59,5,IMPORTADO,2025-01-15T10:00:00Z
henrique-braga-siqueira,2026,59,63,67,67,57,61,50,56,58,43,72,48,61,65,71,31,34,25,59,5,IMPORTADO,2026-01-15T10:00:00Z
samuel-braga-pacheco,2025,60,73,57,77,63,63,56,59,59,53,77,57,48,80,65,36,23,30,75,7,IMPORTADO,2025-01-15T10:00:00Z
samuel-braga-pacheco,2026,62,75,59,79,65,65,58,61,61,55,79,59,50,82,67,38,25,32,75,7,IMPORTADO,2026-01-15T10:00:00Z
leandro-azevedo-albuquerque,2025,69,73,85,65,77,72,68,69,69,58,68,64,63,76,74,37,33,36,70,2,IMPORTADO,2025-01-15T10:00:00Z
leandro-azevedo-albuquerque,2026,69,73,85,65,77,72,68,69,69,58,68,64,63,76,74,37,33,36,70,2,IMPORTADO,2026-01-15T10:00:00Z
patrick-macedo-guimaraes,2025,71,68,70,70,67,64,71,74,70,61,67,68,60,69,70,36,28,31,79,2,IMPORTADO,2025-01-15T10:00:00Z
patrick-macedo-guimaraes,2026,73,70,72,72,69,66,73,76,72,63,69,70,62,71,72,38,30,33,79,2,IMPORTADO,2026-01-15T10:00:00Z
igor-andrade-leite,2025,69,73,83,73,68,69,79,77,72,57,69,68,67,76,68,33,35,35,79,4,IMPORTADO,2025-01-15T10:00:00Z
igor-andrade-leite,2026,71,75,85,75,70,71,81,79,74,59,71,70,69,78,70,35,37,37,79,4,IMPORTADO,2026-01-15T10:00:00Z
ricardo-esteves-ramalho,2025,75,70,73,60,65,68,70,71,65,57,63,67,51,72,70,24,34,23,64,4,IMPORTADO,2025-01-15T10:00:00Z
ricardo-esteves-ramalho,2026,73,68,71,58,63,66,68,69,63,55,61,65,49,70,68,22,32,21,64,4,IMPORTADO,2026-01-15T10:00:00Z
nathan-azevedo-lacerda,2025,71,65,68,65,62,66,66,63,69,66,71,61,69,74,81,35,41,31,67,5,IMPORTADO,2025-01-15T10:00:00Z
nathan-azevedo-lacerda,2026,71,65,68,65,62,66,66,63,69,66,71,61,69,74,81,35,41,31,67,5,IMPORTADO,2026-01-15T10:00:00Z
adriano-marinho-pontes,2025,62,72,74,62,63,77,63,58,70,64,65,76,58,71,78,28,31,37,77,7,IMPORTADO,2025-01-15T10:00:00Z
adriano-marinho-pontes,2026,64,74,76,64,65,79,65,60,72,66,67,78,60,73,80,30,33,39,77,7,IMPORTADO,2026-01-15T10:00:00Z
nathan-farias-duarte,2025,61,75,75,71,63,69,73,70,71,51,67,77,70,82,79,36,32,26,73,2,IMPORTADO,2025-01-15T10:00:00Z
nathan-farias-duarte,2026,61,75,75,71,63,69,73,70,71,51,67,77,70,82,79,36,32,26,73,2,IMPORTADO,2026-01-15T10:00:00Z
yuri-cavalcanti-sampaio,2025,70,61,68,65,71,75,69,80,78,67,55,82,67,71,65,36,37,42,78,6,IMPORTADO,2025-01-15T10:00:00Z
yuri-cavalcanti-sampaio,2026,72,63,70,67,73,77,71,82,80,69,57,84,69,73,67,38,39,44,78,6,IMPORTADO,2026-01-15T10:00:00Z
renan-valadares-ramalho,2025,56,71,66,58,65,68,69,66,73,52,54,67,60,69,67,22,25,27,62,6,IMPORTADO,2025-01-15T10:00:00Z
renan-valadares-ramalho,2026,54,69,64,56,63,66,67,64,71,50,52,65,58,67,65,20,23,25,62,6,IMPORTADO,2026-01-15T10:00:00Z
wallace-guimaraes-esteves,2025,72,52,69,63,73,77,63,73,75,75,63,70,59,52,50,29,30,29,79,4,IMPORTADO,2025-01-15T10:00:00Z
wallace-guimaraes-esteves,2026,74,54,71,65,75,79,65,75,77,77,65,72,61,54,52,31,32,31,79,4,IMPORTADO,2026-01-15T10:00:00Z
henrique-farias-ramalho,2025,73,58,60,58,65,65,68,60,73,63,54,72,64,56,57,25,25,29,76,5,IMPORTADO,2025-01-15T10:00:00Z
henrique-farias-ramalho,2026,75,60,62,60,67,67,70,62,75,65,56,74,66,58,59,27,27,31,76,5,IMPORTADO,2026-01-15T10:00:00Z
rodrigo-rabelo-valadares,2025,73,52,72,56,72,71,81,70,63,63,52,63,56,53,48,29,27,23,77,8,IMPORTADO,2025-01-15T10:00:00Z
rodrigo-rabelo-valadares,2026,75,54,74,58,74,73,83,72,65,65,54,65,58,55,50,31,29,25,77,8,IMPORTADO,2026-01-15T10:00:00Z
rafael-andrade-farias,2025,70,64,68,60,74,59,74,66,64,72,63,70,64,48,59,22,27,37,63,7,IMPORTADO,2025-01-15T10:00:00Z
rafael-andrade-farias,2026,68,62,66,58,72,57,72,64,62,70,61,68,62,46,57,20,25,35,63,7,IMPORTADO,2026-01-15T10:00:00Z
wesley-freitas-braga,2025,59,66,59,65,70,61,64,47,71,80,63,56,72,53,42,33,35,22,75,6,IMPORTADO,2025-01-15T10:00:00Z
wesley-freitas-braga,2026,61,68,61,67,72,63,66,49,73,82,65,58,74,55,44,35,37,24,75,6,IMPORTADO,2026-01-15T10:00:00Z
adriano-freitas-guimaraes,2025,81,67,61,71,79,74,76,57,83,74,83,68,69,54,50,42,28,28,78,8,IMPORTADO,2025-01-15T10:00:00Z
adriano-freitas-guimaraes,2026,83,69,63,73,81,76,78,59,85,76,85,70,71,56,52,44,30,30,78,8,IMPORTADO,2026-01-15T10:00:00Z
